NOSE-x,NOSE-y,NOSE-z,LEFT_EYE_INNER-x,LEFT_EYE_INNER-y,LEFT_EYE_INNER-z,LEFT_EYE-x,LEFT_EYE-y,LEFT_EYE-z,LEFT_EYE_OUTER-x,LEFT_EYE_OUTER-y,LEFT_EYE_OUTER-z,RIGHT_EYE_INNER-x,RIGHT_EYE_INNER-y,RIGHT_EYE_INNER-z,RIGHT_EYE-x,RIGHT_EYE-y,RIGHT_EYE-z,RIGHT_EYE_OUTER-x,RIGHT_EYE_OUTER-y,RIGHT_EYE_OUTER-z,LEFT_EAR-x,LEFT_EAR-y,LEFT_EAR-z,RIGHT_EAR-x,RIGHT_EAR-y,RIGHT_EAR-z,MOUTH_LEFT-x,MOUTH_LEFT-y,MOUTH_LEFT-z,MOUTH_RIGHT-x,MOUTH_RIGHT-y,MOUTH_RIGHT-z,LEFT_SHOULDER-x,LEFT_SHOULDER-y,LEFT_SHOULDER-z,RIGHT_SHOULDER-x,RIGHT_SHOULDER-y,RIGHT_SHOULDER-z,LEFT_ELBOW-x,LEFT_ELBOW-y,LEFT_ELBOW-z,RIGHT_ELBOW-x,RIGHT_ELBOW-y,RIGHT_ELBOW-z,LEFT_WRIST-x,LEFT_WRIST-y,LEFT_WRIST-z,RIGHT_WRIST-x,RIGHT_WRIST-y,RIGHT_WRIST-z,LEFT_PINKY-x,LEFT_PINKY-y,LEFT_PINKY-z,RIGHT_PINKY-x,RIGHT_PINKY-y,RIGHT_PINKY-z,LEFT_INDEX-x,LEFT_INDEX-y,LEFT_INDEX-z,RIGHT_INDEX-x,RIGHT_INDEX-y,RIGHT_INDEX-z,LEFT_THUMB-x,LEFT_THUMB-y,LEFT_THUMB-z,RIGHT_THUMB-x,RIGHT_THUMB-y,RIGHT_THUMB-z,LEFT_HIP-x,LEFT_HIP-y,LEFT_HIP-z,RIGHT_HIP-x,RIGHT_HIP-y,RIGHT_HIP-z,LEFT_KNEE-x,LEFT_KNEE-y,LEFT_KNEE-z,RIGHT_KNEE-x,RIGHT_KNEE-y,RIGHT_KNEE-z,LEFT_ANKLE-x,LEFT_ANKLE-y,LEFT_ANKLE-z,RIGHT_ANKLE-x,RIGHT_ANKLE-y,RIGHT_ANKLE-z,LEFT_HEEL-x,LEFT_HEEL-y,LEFT_HEEL-z,RIGHT_HEEL-x,RIGHT_HEEL-y,RIGHT_HEEL-z,LEFT_FOOT_INDEX-x,LEFT_FOOT_INDEX-y,LEFT_FOOT_INDEX-z,RIGHT_FOOT_INDEX-x,RIGHT_FOOT_INDEX-y,RIGHT_FOOT_INDEX-z,label
0.13371248543262482,-0.6067948341369629,-0.20779159665107727,0.13748636841773987,-0.6458349823951721,-0.1916951835155487,0.1377803385257721,-0.6461521983146667,-0.1908862441778183,0.1372695416212082,-0.6471089720726013,-0.19065846502780914,0.10666350275278091,-0.6440634727478027,-0.20671513676643372,0.1075461208820343,-0.6450963616371155,-0.2074439525604248,0.10730894654989243,-0.6463248133659363,-0.20681869983673096,0.12675154209136963,-0.6594248414039612,-0.056917499750852585,-0.0020958816166967154,-0.6533953547477722,-0.147248774766922,0.13048329949378967,-0.5927960872650146,-0.15687154233455658,0.09263033419847488,-0.5905672311782837,-0.18134701251983643,0.09947361052036285,-0.49106115102767944,0.10777334868907928,-0.015399198047816753,-0.5033960938453674,-0.17615996301174164,0.16170412302017212,-0.35705238580703735,0.17983703315258026,0.06103303283452988,-0.4065651297569275,-0.28082799911499023,0.20196616649627686,-0.5183658003807068,0.1520949900150299,0.09271853417158127,-0.5462852716445923,-0.33299878239631653,0.19602461159229279,-0.5448853969573975,0.1527920365333557,0.09841182827949524,-0.5682777762413025,-0.35163044929504395,0.20265217125415802,-0.5665925145149231,0.1644112914800644,0.07888707518577576,-0.5709850788116455,-0.3552509546279907,0.2005857676267624,-0.5320568084716797,0.155334010720253,0.08792152255773544,-0.5510322451591492,-0.33464205265045166,0.05591003969311714,-0.00574382022023201,0.10277173668146133,-0.05612636357545853,0.00490523362532258,-0.10154393315315247,0.11168007552623749,0.36978307366371155,0.20102103054523468,-0.027766602113842964,0.4095994532108307,-0.14111153781414032,0.11261849850416183,0.6972233057022095,0.29871252179145813,-0.07892009615898132,0.7922335267066956,-0.1762528121471405,0.12527017295360565,0.7435927987098694,0.2984428107738495,-0.08252675086259842,0.8403459191322327,-0.18523812294006348,0.2468125820159912,0.7856891751289368,0.25712016224861145,0.010220717638731003,0.8919258117675781,-0.28901952505111694,0
-0.0175993200391531,-0.6350427269935608,-0.19478891789913177,-0.017729761078953743,-0.6742240786552429,-0.18039706349372864,-0.017183983698487282,-0.6748058199882507,-0.17965812981128693,-0.017597459256649017,-0.6754423975944519,-0.17966197431087494,-0.0504264235496521,-0.6669031381607056,-0.17477183043956757,-0.049836788326501846,-0.6675689220428467,-0.17541861534118652,-0.04993188753724098,-0.6687518954277039,-0.175099715590477,0.03890760615468025,-0.6711328625679016,-0.07405735552310944,-0.10395191609859467,-0.6471748352050781,-0.06626518815755844,0.011415913701057434,-0.6148243546485901,-0.15709547698497772,-0.03111734241247177,-0.6063145399093628,-0.15337412059307098,0.1451614797115326,-0.5050927996635437,-0.0397590808570385,-0.15550486743450165,-0.47363635897636414,-0.052098244428634644,0.10744161903858185,-0.3946159780025482,-0.2398502081632614,-0.19647753238677979,-0.3380716145038605,-0.2280954122543335,0.037727244198322296,-0.48916441202163696,-0.45839717984199524,-0.13562461733818054,-0.4475749135017395,-0.4376524090766907,0.015249626711010933,-0.4945680797100067,-0.498982310295105,-0.10078299045562744,-0.4643961787223816,-0.48353511095046997,0.005072515923529863,-0.5114543437957764,-0.4978339374065399,-0.09459736943244934,-0.49801358580589294,-0.4695119261741638,0.024664048105478287,-0.49322667717933655,-0.46122482419013977,-0.11981453001499176,-0.4624704420566559,-0.4377644658088684,0.10600945353507996,-0.004863178823143244,0.028983507305383682,-0.10586242377758026,0.004175757523626089,-0.02775697037577629,0.08884682506322861,0.4112532436847687,0.17301835119724274,-0.02784109115600586,0.3816806674003601,-0.11757642030715942,0.14084580540657043,0.6212214231491089,0.4725683331489563,-0.01724093407392502,0.7426572442054749,-0.1556900590658188,0.1570599228143692,0.65798419713974,0.4943661093711853,-0.015359246172010899,0.7889309525489807,-0.16601936519145966,0.2124684453010559,0.7454344034194946,0.4313901662826538,0.014738494530320168,0.8823080658912659,-0.3048569858074188,1
0.1563650518655777,-0.6140097379684448,-0.19054186344146729,0.15850940346717834,-0.6527640223503113,-0.1725938767194748,0.15886817872524261,-0.6530795097351074,-0.17187772691249847,0.15849260985851288,-0.6539991497993469,-0.17171737551689148,0.12818777561187744,-0.6507543921470642,-0.18720363080501556,0.12905414402484894,-0.65169757604599,-0.18793588876724243,0.1289486438035965,-0.6528456211090088,-0.18752188980579376,0.14872229099273682,-0.6629980206489563,-0.03403889387845993,0.015469984151422977,-0.6569327116012573,-0.12241360545158386,0.1525576114654541,-0.5983821749687195,-0.13932208716869354,0.1140117421746254,-0.5960946679115295,-0.16284291446208954,0.14192411303520203,-0.49306103587150574,0.11134070158004761,-0.012303574942052364,-0.507530927658081,-0.15747582912445068,0.19639699161052704,-0.3662704527378082,0.11844613403081894,0.055371157824993134,-0.41529351472854614,-0.2576216757297516,0.22808176279067993,-0.5049906373023987,0.01878337748348713,0.10954027622938156,-0.5525784492492676,-0.3061473071575165,0.22947026789188385,-0.5249277353286743,0.002090439200401306,0.12258026748895645,-0.5749658346176147,-0.3243695795536041,0.2282443642616272,-0.543286919593811,0.011073329485952854,0.10700783878564835,-0.5826410055160522,-0.33217671513557434,0.22287322580814362,-0.5156001448631287,0.01774735189974308,0.10775895416736603,-0.5596885085105896,-0.3091973662376404,0.06311101466417313,-0.0033095304388552904,0.10183698683977127,-0.06320926547050476,0.002538159489631653,-0.1006673127412796,0.10123287886381149,0.3681269884109497,0.22167786955833435,-0.04799248278141022,0.41357165575027466,-0.141722172498703,0.10317941755056381,0.6737315654754639,0.32778140902519226,-0.11413393914699554,0.7970419526100159,-0.18841461837291718,0.11533783376216888,0.7193136215209961,0.3288302421569824,-0.12051142752170563,0.8446354269981384,-0.19806170463562012,0.24074213206768036,0.7679659724235535,0.2931000590324402,-0.033780537545681,0.9039941430091858,-0.3020280599594116,0
-0.02570628561079502,-0.6331234574317932,-0.19744102656841278,-0.024694975465536118,-0.6716864705085754,-0.1828087419271469,-0.024106597527861595,-0.672294557094574,-0.18201173841953278,-0.02446930669248104,-0.6728631854057312,-0.18203450739383698,-0.057965636253356934,-0.6646592020988464,-0.1768241822719574,-0.0574050210416317,-0.6652820110321045,-0.17756448686122894,-0.05748726800084114,-0.6664977669715881,-0.17716169357299805,0.03446241468191147,-0.6668707132339478,-0.0771532729268074,-0.11079101264476776,-0.6441129446029663,-0.0677812248468399,0.0038379274774342775,-0.6118986010551453,-0.16069673001766205,-0.03938343748450279,-0.6039038896560669,-0.1560821384191513,0.13999508321285248,-0.5049905180931091,-0.04448244348168373,-0.16299055516719818,-0.4673266112804413,-0.0523969940841198,0.12900927662849426,-0.40853747725486755,-0.2487146258354187,-0.2177346646785736,-0.3402360677719116,-0.23005183041095734,0.049181628972291946,-0.46204373240470886,-0.4645903706550598,-0.1483554244041443,-0.4413943290710449,-0.4400835633277893,0.024826785549521446,-0.45586535334587097,-0.5072458386421204,-0.11094614863395691,-0.4589212238788605,-0.48539018630981445,0.007522360421717167,-0.4727150499820709,-0.5074173808097839,-0.1005808413028717,-0.49184364080429077,-0.47048723697662354,0.0330435186624527,-0.46343448758125305,-0.46746447682380676,-0.13061563670635223,-0.45522060990333557,-0.43944668769836426,0.10624575614929199,-0.005637741181999445,0.028927864506840706,-0.1059798076748848,0.004973054863512516,-0.027706503868103027,0.09430980682373047,0.41022518277168274,0.1886795610189438,-0.04497235640883446,0.3847101628780365,-0.10953723639249802,0.14593151211738586,0.648353099822998,0.46157532930374146,-0.032781343907117844,0.7505651712417603,-0.157856285572052,0.16293200850486755,0.6876949071884155,0.48017579317092896,-0.03013570047914982,0.7967736124992371,-0.16946277022361755,0.23135384917259216,0.7620082497596741,0.41178685426712036,0.007741906680166721,0.8877155780792236,-0.31196826696395874,1
0.15648429095745087,-0.614115834236145,-0.16737347841262817,0.1580207347869873,-0.6524679064750671,-0.15281721949577332,0.1583711951971054,-0.6528416872024536,-0.15207278728485107,0.15799692273139954,-0.6537553668022156,-0.15182062983512878,0.12955914437770844,-0.6515659689903259,-0.16925890743732452,0.1302739977836609,-0.652533769607544,-0.169938862323761,0.13009929656982422,-0.6537068486213684,-0.1695132553577423,0.1381985992193222,-0.665189266204834,-0.021936433389782906,0.01843785122036934,-0.6651116013526917,-0.11766500771045685,0.1492413431406021,-0.5994566082954407,-0.11791416257619858,0.1143597811460495,-0.598754346370697,-0.14415696263313293,0.12345634400844574,-0.4929528832435608,0.12401192635297775,-0.010231604799628258,-0.5329301953315735,-0.15943543612957,0.15103699266910553,-0.32727986574172974,0.09799160063266754,0.064310222864151,-0.44313353300094604,-0.24891312420368195,0.2018984705209732,-0.41994333267211914,-0.044420335441827774,0.13685159385204315,-0.519962728023529,-0.2538449764251709,0.20754209160804749,-0.4234273433685303,-0.06549582630395889,0.15126708149909973,-0.5230451822280884,-0.26960209012031555,0.2151411920785904,-0.44048595428466797,-0.0631202682852745,0.14295655488967896,-0.5272840857505798,-0.28111934661865234,0.20034784078598022,-0.4273834824562073,-0.04910750314593315,0.1360926330089569,-0.521670401096344,-0.2573985159397125,0.057279642671346664,-0.0035486090928316116,0.10273583978414536,-0.057449374347925186,0.002749921288341284,-0.10146285593509674,0.10498422384262085,0.3673088252544403,0.21894387900829315,-0.041276831179857254,0.41291654109954834,-0.14789891242980957,0.10143374651670456,0.6745724081993103,0.3397369682788849,-0.09247302263975143,0.7959164977073669,-0.1971355527639389,0.11390119791030884,0.7197489738464355,0.3423594832420349,-0.0977366715669632,0.843294620513916,-0.20700988173484802,0.23626607656478882,0.7715440988540649,0.3041973114013672,-0.004207494668662548,0.9057881832122803,-0.3120590150356293,0
-0.03579069674015045,-0.6301512718200684,-0.2176363468170166,-0.03592899441719055,-0.6693824529647827,-0.20255014300346375,-0.035447120666503906,-0.6698867678642273,-0.20183314383029938,-0.03583589941263199,-0.6703858375549316,-0.20186728239059448,-0.06965553015470505,-0.660899817943573,-0.19874230027198792,-0.06921461969614029,-0.661498486995697,-0.19953174889087677,-0.06939052790403366,-0.6625943183898926,-0.19929686188697815,0.019539102911949158,-0.6689813733100891,-0.09166526794433594,-0.12762898206710815,-0.6402063369750977,-0.08884788304567337,-0.006646622437983751,-0.611197292804718,-0.1786894053220749,-0.05013657361268997,-0.6012763977050781,-0.17610464990139008,0.12912383675575256,-0.5192698836326599,-0.055986206978559494,-0.17341755330562592,-0.46480053663253784,-0.08905813097953796,0.12075277417898178,-0.4312683045864105,-0.27517327666282654,-0.2031461000442505,-0.3394497334957123,-0.2790570557117462,0.04394526779651642,-0.49911150336265564,-0.4940134286880493,-0.14647775888442993,-0.4305580258369446,-0.4672602713108063,0.02100341022014618,-0.5024645924568176,-0.5359005928039551,-0.11489609628915787,-0.44960692524909973,-0.5125650763511658,0.003498861799016595,-0.5130128860473633,-0.5338161587715149,-0.10894584655761719,-0.4820062816143036,-0.4975328743457794,0.027306271716952324,-0.49983543157577515,-0.49722322821617126,-0.13251586258411407,-0.4441569745540619,-0.4671669602394104,0.10479235649108887,-0.006811823695898056,0.031505558639764786,-0.10472868382930756,0.0060827648267149925,-0.03033880703151226,0.09143708646297455,0.398071825504303,0.14702388644218445,-0.06063373386859894,0.3842081129550934,-0.08579912036657333,0.14718720316886902,0.6169131994247437,0.4498554766178131,-0.06060614064335823,0.7408091425895691,-0.09274923801422119,0.1650615632534027,0.6525004506111145,0.47230255603790283,-0.05912996828556061,0.7865237593650818,-0.09942054748535156,0.22883249819278717,0.7245978116989136,0.41547006368637085,-0.024327220395207405,0.8797115683555603,-0.2346748560667038,1
0.15316636860370636,-0.6248400807380676,-0.13734498620033264,0.14548201858997345,-0.6619365811347961,-0.11810610443353653,0.14590492844581604,-0.6625206470489502,-0.11741306632757187,0.145612895488739,-0.663288414478302,-0.11718379706144333,0.12134595960378647,-0.6596425175666809,-0.13802331686019897,0.12227288633584976,-0.6605637669563293,-0.13876645267009735,0.12214343994855881,-0.6619130373001099,-0.13842204213142395,0.12673862278461456,-0.6645054817199707,0.00014769218978472054,0.01356571912765503,-0.6575579643249512,-0.10106426477432251,0.14615845680236816,-0.6067282557487488,-0.09322398155927658,0.11479020863771439,-0.6040534377098083,-0.1214732751250267,0.10892590135335922,-0.48298099637031555,0.1233033686876297,-0.017688829451799393,-0.5317175388336182,-0.16815224289894104,-0.007739390712231398,-0.2425818294286728,0.1553959846496582,-0.0007429271354340017,-0.4438025653362274,-0.35694295167922974,0.029647966846823692,-0.05214904248714447,0.09213230013847351,0.10635250806808472,-0.475763738155365,-0.5110021233558655,0.0266517736017704,0.02414092794060707,0.08104027807712555,0.12204541265964508,-0.4698941111564636,-0.5433117151260376,0.032202091068029404,0.023696692660450935,0.056500766426324844,0.1329191029071808,-0.4758739769458771,-0.5345842242240906,0.026570046320557594,-0.03699290752410889,0.07818303257226944,0.11415856331586838,-0.474918007850647,-0.5095199942588806,0.0670899897813797,0.00026335069560445845,0.09835922718048096,-0.0667811706662178,-0.0010873675346374512,-0.09668267518281937,0.09642347693443298,0.3567468523979187,0.19997838139533997,-0.030364692211151123,0.4139035940170288,-0.16264508664608002,0.048991817981004715,0.6556656360626221,0.31774047017097473,-0.09300287812948227,0.799933671951294,-0.20038805902004242,0.05353660508990288,0.7002890110015869,0.319540798664093,-0.09965994954109192,0.8488880395889282,-0.2092462033033371,0.16064755618572235,0.7759657502174377,0.2719671130180359,-0.009389996528625488,0.9193000197410583,-0.31934571266174316,0
-0.04194844514131546,-0.6298556923866272,-0.21548615396022797,-0.04122544452548027,-0.669164776802063,-0.2009904533624649,-0.040698885917663574,-0.6697818636894226,-0.20021788775920868,-0.04106074571609497,-0.6703137159347534,-0.20023377239704132,-0.07474365085363388,-0.6610850095748901,-0.19557952880859375,-0.07419310510158539,-0.6617013216018677,-0.1962273269891739,-0.0743190348148346,-0.6628667712211609,-0.19592507183551788,0.02036713808774948,-0.6691482067108154,-0.09286916255950928,-0.12640513479709625,-0.6417996883392334,-0.08309755474328995,-0.01074966974556446,-0.6108697652816772,-0.1776220202445984,-0.05426834896206856,-0.6015127301216125,-0.1731780469417572,0.13312776386737823,-0.5166102051734924,-0.0642169862985611,-0.1731889247894287,-0.4631882309913635,-0.07495395839214325,0.12631447613239288,-0.4149322211742401,-0.2880444824695587,-0.19259804487228394,-0.33089926838874817,-0.2722875475883484,0.037308044731616974,-0.472347617149353,-0.5036315321922302,-0.14096999168395996,-0.44637295603752136,-0.4791118800640106,0.010162534192204475,-0.4674842655658722,-0.5456617474555969,-0.10967382043600082,-0.4690243899822235,-0.5284734964370728,-0.011079702526330948,-0.4817885160446167,-0.5433390736579895,-0.10489023476839066,-0.49982380867004395,-0.5124181509017944,0.018591025844216347,-0.47212934494018555,-0.5061936974525452,-0.12682610750198364,-0.46021366119384766,-0.4792446196079254,0.10768667608499527,-0.00923941470682621,0.02496531791985035,-0.10740021616220474,0.008563593961298466,-0.02369794063270092,0.11168049275875092,0.4056859314441681,0.1680069863796234,-0.044603131711483,0.37763527035713196,-0.11708550155162811,0.1912958323955536,0.6054538488388062,0.48562106490135193,-0.03145651891827583,0.736851692199707,-0.16120892763137817,0.21184003353118896,0.6403658986091614,0.5089708566665649,-0.028048139065504074,0.7831483483314514,-0.17238181829452515,0.2773820459842682,0.7159674167633057,0.45362916588783264,0.009689539670944214,0.876876950263977,-0.3135339021682739,1
0.16660353541374207,-0.6117882132530212,-0.1748609095811844,0.16971471905708313,-0.6489239931106567,-0.15568062663078308,0.17010845243930817,-0.6492389440536499,-0.15497954189777374,0.16972686350345612,-0.6501926779747009,-0.15485879778862,0.13931827247142792,-0.6480821967124939,-0.17067791521549225,0.14006909728050232,-0.6490110754966736,-0.17136326432228088,0.1399349570274353,-0.6501913070678711,-0.17110306024551392,0.1619645655155182,-0.6509466767311096,-0.021358614787459373,0.030391480773687363,-0.6523459553718567,-0.11026265472173691,0.1649467647075653,-0.5937030911445618,-0.12575441598892212,0.12637633085250854,-0.593170702457428,-0.149572491645813,0.1558944582939148,-0.471885085105896,0.11090976744890213,-0.0010882776696234941,-0.5102701187133789,-0.15134437382221222,0.18098397552967072,-0.32794177532196045,0.07398996502161026,0.07584182173013687,-0.43539729714393616,-0.24478641152381897,0.21623358130455017,-0.45009997487068176,-0.07624301314353943,0.14272662997245789,-0.53071528673172,-0.24461501836776733,0.22015537321567535,-0.46731024980545044,-0.100563645362854,0.158182293176651,-0.5363317131996155,-0.25750821828842163,0.22071462869644165,-0.48354506492614746,-0.09261441975831985,0.14614103734493256,-0.5402704477310181,-0.26821011304855347,0.21188285946846008,-0.45924609899520874,-0.07936756312847137,0.1416032761335373,-0.5330374836921692,-0.24761919677257538,0.06077773869037628,-0.0012257762718945742,0.1022353321313858,-0.06081501021981239,0.00038087222492322326,-0.10085519403219223,0.10269148647785187,0.35026147961616516,0.20465686917304993,-0.004378597717732191,0.3954516053199768,-0.17758147418498993,0.06071823090314865,0.6475601196289062,0.31159716844558716,-0.08952631056308746,0.7855175137519836,-0.22952274978160858,0.0673295110464096,0.6932007670402527,0.312287300825119,-0.09900375455617905,0.8344728946685791,-0.2399148941040039,0.18241377174854279,0.7487914562225342,0.2823626697063446,-0.0009750175522640347,0.8903170228004456,-0.3417740762233734,0
-0.04178020358085632,-0.6334910988807678,-0.20337261259555817,-0.04421812295913696,-0.6729339957237244,-0.18874099850654602,-0.04371367394924164,-0.6735697388648987,-0.18798013031482697,-0.0441739521920681,-0.6741566061973572,-0.18784917891025543,-0.07702889293432236,-0.663070797920227,-0.18380087614059448,-0.0764651969075203,-0.6638530492782593,-0.18450166285037994,-0.07657712697982788,-0.6649627089500427,-0.18423037230968475,0.012424816377460957,-0.6752546429634094,-0.0797722265124321,-0.13045331835746765,-0.6406777501106262,-0.07489494234323502,-0.010962498374283314,-0.6157216429710388,-0.16461805999279022,-0.05357575789093971,-0.6044037342071533,-0.16168706119060516,0.12782175838947296,-0.5189952850341797,-0.03101847879588604,-0.16523535549640656,-0.4658562242984772,-0.07137342542409897,0.10392574220895767,-0.42068853974342346,-0.24900178611278534,-0.1846880465745926,-0.3457825779914856,-0.25801461935043335,0.05253118649125099,-0.5133796334266663,-0.47804751992225647,-0.132499098777771,-0.45834881067276,-0.4580366015434265,0.037854406982660294,-0.5213656425476074,-0.519372284412384,-0.10016819089651108,-0.4790468215942383,-0.5023106336593628,0.02828071266412735,-0.5319702625274658,-0.5182226300239563,-0.10075685381889343,-0.5087506175041199,-0.4892352223396301,0.040755219757556915,-0.5145630240440369,-0.48185470700263977,-0.12023941427469254,-0.47249478101730347,-0.4580484926700592,0.10415611416101456,-0.00583118898794055,0.038005173206329346,-0.10416381806135178,0.005157998763024807,-0.03682474419474602,0.08547394722700119,0.4088805913925171,0.180511474609375,-0.05036894232034683,0.37244105339050293,-0.12841661274433136,0.13509364426136017,0.5991987586021423,0.4831772744655609,-0.05209499970078468,0.7346358895301819,-0.18387150764465332,0.15342308580875397,0.634373128414154,0.5056158304214478,-0.05088780075311661,0.7810254693031311,-0.19674798846244812,0.24033518135547638,0.7078258991241455,0.4557998478412628,-0.004479969851672649,0.8683045506477356,-0.3354346752166748,1
0.10930309444665909,-0.6015029549598694,-0.13650426268577576,0.11022014170885086,-0.6384990215301514,-0.11997741460800171,0.11062434315681458,-0.6389020085334778,-0.11927952617406845,0.11009839177131653,-0.6397902369499207,-0.11902862042188644,0.08182912319898605,-0.6385959386825562,-0.13644109666347504,0.08256570249795914,-0.6396004557609558,-0.13719682395458221,0.08218789100646973,-0.6407430171966553,-0.13683925569057465,0.09191931039094925,-0.6447566151618958,0.009287944063544273,-0.028907369822263718,-0.6484452486038208,-0.08761363476514816,0.1032576933503151,-0.5849413871765137,-0.08739295601844788,0.06813210994005203,-0.5852109789848328,-0.11366832256317139,0.10435845702886581,-0.46199649572372437,0.12765872478485107,-0.07651671767234802,-0.5147507786750793,-0.10590144246816635,0.12745624780654907,-0.31589028239250183,0.10322660952806473,-0.04096987843513489,-0.44874081015586853,-0.1964031159877777,0.13788966834545135,-0.4744482636451721,0.004548975266516209,0.03146331384778023,-0.5670517683029175,-0.23642759025096893,0.12792760133743286,-0.4974377155303955,-0.011253487318754196,0.05449766293168068,-0.5794743299484253,-0.2484329491853714,0.13317248225212097,-0.5210437774658203,-0.00508336303755641,0.053863171488046646,-0.581149160861969,-0.2485884428024292,0.13320070505142212,-0.4893275499343872,0.004366318695247173,0.03735681250691414,-0.5710638165473938,-0.2346387654542923,0.06816677749156952,-0.0009810467017814517,0.09166918694972992,-0.06825199723243713,0.0001206802626256831,-0.09021501988172531,0.05616410821676254,0.36074185371398926,0.19122770428657532,-0.02903010882437229,0.4084247350692749,-0.17084714770317078,0.0297480970621109,0.6145129799842834,0.28524017333984375,-0.06105094775557518,0.7986119389533997,-0.2379370927810669,0.03893560543656349,0.6555767059326172,0.28688207268714905,-0.06509403884410858,0.8478946089744568,-0.2504795491695404,0.1508013904094696,0.713664710521698,0.2549592852592468,0.02521926537156105,0.9052526354789734,-0.361483097076416,0
-0.013122877106070518,-0.636210560798645,-0.18877193331718445,-0.014034167863428593,-0.6747260093688965,-0.17343905568122864,-0.013514302670955658,-0.675253689289093,-0.17271173000335693,-0.013943863101303577,-0.6756913661956787,-0.17262491583824158,-0.04790825396776199,-0.6661632061004639,-0.1709519624710083,-0.047427382320165634,-0.6668837070465088,-0.1718488335609436,-0.04735296964645386,-0.6677390336990356,-0.17149458825588226,0.038098059594631195,-0.6728946566581726,-0.06272679567337036,-0.10812261700630188,-0.6434771418571472,-0.0666142925620079,0.015102914534509182,-0.6156120896339417,-0.1492242068052292,-0.02792016603052616,-0.6061224937438965,-0.1492682844400406,0.1470707207918167,-0.5112800598144531,-0.019908061251044273,-0.15235263109207153,-0.46637919545173645,-0.061167169362306595,0.13209712505340576,-0.41032177209854126,-0.2109716385602951,-0.1879560649394989,-0.34702977538108826,-0.2359657734632492,0.07162851840257645,-0.4918418228626251,-0.42392995953559875,-0.13211306929588318,-0.4611468017101288,-0.41990503668785095,0.05158896744251251,-0.5028137564659119,-0.46279487013816833,-0.0955527201294899,-0.4877336323261261,-0.4592614471912384,0.04190625250339508,-0.5155850648880005,-0.46342623233795166,-0.0905865728855133,-0.5161350965499878,-0.44643840193748474,0.0589352622628212,-0.4951532185077667,-0.4267514646053314,-0.11815132200717926,-0.47607457637786865,-0.4180709421634674,0.09954376518726349,-0.004548919852823019,0.0402262806892395,-0.09966394305229187,0.0037057281006127596,-0.03893402963876724,0.0628354400396347,0.39745083451271057,0.1833050549030304,-0.03922616317868233,0.37704336643218994,-0.10623277723789215,0.08398191630840302,0.585448682308197,0.48016563057899475,-0.020752763375639915,0.7450427412986755,-0.1686536818742752,0.0977264940738678,0.6197811961174011,0.5026454925537109,-0.020340045914053917,0.7920023202896118,-0.1809692233800888,0.1865832805633545,0.6889326572418213,0.46064460277557373,0.009121491573750973,0.8729987144470215,-0.315548300743103,1
0.11428673565387726,-0.6306208968162537,-0.18682347238063812,0.11933694034814835,-0.6667832732200623,-0.16871961951255798,0.11980023235082626,-0.6672423481941223,-0.16804444789886475,0.11930007487535477,-0.6680853366851807,-0.16782383620738983,0.08674358576536179,-0.6655181050300598,-0.18134158849716187,0.08746730536222458,-0.6665136814117432,-0.18214401602745056,0.0873054563999176,-0.6677128076553345,-0.18181458115577698,0.12236090749502182,-0.6685106754302979,-0.034795455634593964,-0.017330100759863853,-0.6658442616462708,-0.1128092110157013,0.11656557023525238,-0.612088680267334,-0.13753041625022888,0.07562461495399475,-0.6108488440513611,-0.15833911299705505,0.14115460216999054,-0.4844937026500702,0.09004700183868408,-0.058381084352731705,-0.5147029757499695,-0.13453462719917297,0.1619909405708313,-0.31747207045555115,0.03331542760133743,-0.012878435663878918,-0.42020556330680847,-0.1958114355802536,0.1527128666639328,-0.41635873913764954,-0.1239011287689209,0.051235929131507874,-0.5315964818000793,-0.18390488624572754,0.14500848948955536,-0.4236498773097992,-0.15345968306064606,0.07288309186697006,-0.5470857620239258,-0.18960267305374146,0.1449858397245407,-0.4470365047454834,-0.14611168205738068,0.06501436233520508,-0.5551000237464905,-0.20158761739730835,0.14439445734024048,-0.42739054560661316,-0.12593644857406616,0.053450267761945724,-0.5385852456092834,-0.18583132326602936,0.06944335997104645,-0.004152214620262384,0.09233660250902176,-0.06949430704116821,0.0032831812277436256,-0.09111406654119492,0.06469640135765076,0.360579252243042,0.24112580716609955,-0.016532031819224358,0.41691526770591736,-0.13890880346298218,0.031660739332437515,0.6184941530227661,0.3813113570213318,-0.056077536195516586,0.7984443306922913,-0.18484407663345337,0.041950881481170654,0.6608765125274658,0.38668566942214966,-0.06028607115149498,0.8463441133499146,-0.19561980664730072,0.16943597793579102,0.7125555872917175,0.3506956100463867,0.03006030060350895,0.8992558717727661,-0.3097829222679138,0
-0.03277115896344185,-0.6329039335250854,-0.19004127383232117,-0.03334442526102066,-0.6721268892288208,-0.1772763729095459,-0.03287355601787567,-0.6726295351982117,-0.1765265166759491,-0.03330288454890251,-0.6731284856796265,-0.17648297548294067,-0.0659148320555687,-0.6624967455863953,-0.17141421139240265,-0.06537208706140518,-0.6632288694381714,-0.17215801775455475,-0.06535035371780396,-0.6641193628311157,-0.17194528877735138,0.025662213563919067,-0.6744784712791443,-0.07251331955194473,-0.11561398208141327,-0.6420097947120667,-0.06344950199127197,-0.0015327701112255454,-0.6143785715103149,-0.152848020195961,-0.04308270663022995,-0.6036731600761414,-0.14922326803207397,0.1369525045156479,-0.5094072818756104,-0.030607037246227264,-0.1551651954650879,-0.46813341975212097,-0.04892667010426521,0.11114127933979034,-0.402492880821228,-0.21005789935588837,-0.19386497139930725,-0.3299264907836914,-0.20874562859535217,0.04593066871166229,-0.50569087266922,-0.42308729887008667,-0.14350993931293488,-0.45358705520629883,-0.4049983024597168,0.025169190019369125,-0.5223792195320129,-0.46220284700393677,-0.10923698544502258,-0.4796206057071686,-0.4477616250514984,0.020047899335622787,-0.5373750329017639,-0.4636619985103607,-0.11002817004919052,-0.5127102136611938,-0.43495872616767883,0.03479234501719475,-0.5110868811607361,-0.4261878728866577,-0.13147637248039246,-0.4714304208755493,-0.404026597738266,0.09894372522830963,-0.00503457011654973,0.037283990532159805,-0.09914465993642807,0.004217690322548151,-0.03594808652997017,0.07901127636432648,0.39623546600341797,0.20199061930179596,-0.036907654255628586,0.3778052031993866,-0.11239056289196014,0.113892562687397,0.5999936461448669,0.49956855177879333,-0.025189805775880814,0.7446194291114807,-0.17691655457019806,0.1283159703016281,0.6364303827285767,0.5222980380058289,-0.025050360709428787,0.7911423444747925,-0.188907191157341,0.2072799652814865,0.7155580520629883,0.4687725603580475,0.006505080033093691,0.878551185131073,-0.3233111500740051,1
0.10486104339361191,-0.6186350584030151,-0.15135258436203003,0.10297761112451553,-0.6563263535499573,-0.13805462419986725,0.10331080853939056,-0.6566162705421448,-0.1373547464609146,0.10285507142543793,-0.6574006080627441,-0.13732346892356873,0.07731691002845764,-0.6533567309379578,-0.1504262387752533,0.07787344604730606,-0.6543543338775635,-0.15121416747570038,0.07765351235866547,-0.6553952693939209,-0.15122272074222565,0.08520811051130295,-0.6586505174636841,-0.019441800191998482,-0.027168693020939827,-0.6508418321609497,-0.10074015706777573,0.09924376755952835,-0.6004496812820435,-0.10676033794879913,0.06746161729097366,-0.5977783799171448,-0.12818564474582672,0.13200698792934418,-0.4686226546764374,0.08455600589513779,-0.07553177326917648,-0.5139505863189697,-0.1099916622042656,0.1472693830728531,-0.2910667359828949,-0.01823444850742817,-0.025250907987356186,-0.4394294023513794,-0.1314437985420227,0.13038386404514313,-0.4328148663043976,-0.22344011068344116,0.027974607422947884,-0.5506596565246582,-0.09111782163381577,0.1205899715423584,-0.45691633224487305,-0.2649475634098053,0.04855441302061081,-0.5639801621437073,-0.09379183501005173,0.11770255118608475,-0.48271089792251587,-0.2602543234825134,0.03733614832162857,-0.573271632194519,-0.10038761794567108,0.11813763529062271,-0.4473707377910614,-0.22842401266098022,0.028960248455405235,-0.5576003789901733,-0.09021204710006714,0.06673211604356766,-0.006110576447099447,0.09068942070007324,-0.0669829472899437,0.005272648762911558,-0.08954454958438873,0.06399929523468018,0.35121840238571167,0.24958084523677826,-0.010454285889863968,0.42256438732147217,-0.14844317734241486,0.04772379249334335,0.6009501814842224,0.3990088701248169,-0.04948335886001587,0.8154078125953674,-0.21630431711673737,0.061118967831134796,0.6421567797660828,0.40513911843299866,-0.05500461161136627,0.8646762371063232,-0.2292153239250183,0.17592014372348785,0.6909106373786926,0.36980220675468445,0.027708658948540688,0.9175604581832886,-0.34533458948135376,0
-0.027228547260165215,-0.624865710735321,-0.19225162267684937,-0.027872633188962936,-0.6642964482307434,-0.17748963832855225,-0.027295220643281937,-0.6649182438850403,-0.17672094702720642,-0.02771878056228161,-0.6653866171836853,-0.17667268216609955,-0.06130409613251686,-0.6547485589981079,-0.17378191649913788,-0.060725364834070206,-0.6555160880088806,-0.1746169626712799,-0.06071246787905693,-0.6564825773239136,-0.17412857711315155,0.02749517373740673,-0.6692293286323547,-0.06751479208469391,-0.11772720515727997,-0.6353384852409363,-0.06668167561292648,0.0024914084933698177,-0.6071065068244934,-0.15264545381069183,-0.04035604000091553,-0.5963296890258789,-0.1508219987154007,0.1402464658021927,-0.5131750106811523,-0.023164186626672745,-0.15899476408958435,-0.46238601207733154,-0.053061675280332565,0.12860403954982758,-0.400093138217926,-0.21935799717903137,-0.20283590257167816,-0.334031879901886,-0.22905460000038147,0.041569195687770844,-0.46514108777046204,-0.4345896244049072,-0.1435086727142334,-0.45004358887672424,-0.43432870507240295,0.014208748005330563,-0.46450161933898926,-0.4754953384399414,-0.10716485977172852,-0.4745054543018341,-0.47622227668762207,-0.002033498603850603,-0.4822719693183899,-0.47754600644111633,-0.10291461646556854,-0.5059295296669006,-0.4617886543273926,0.024510376155376434,-0.4683203101158142,-0.4372801184654236,-0.12868623435497284,-0.4656575918197632,-0.4326746463775635,0.09990198165178299,-0.004222330637276173,0.04009460657835007,-0.09994471818208694,0.0035388958640396595,-0.03887614980340004,0.07406729459762573,0.4112663269042969,0.18488340079784393,-0.029973071068525314,0.37840262055397034,-0.12662790715694427,0.11844480037689209,0.6190110445022583,0.45230647921562195,-0.007971455343067646,0.751275897026062,-0.19271686673164368,0.13518723845481873,0.6561186909675598,0.47116851806640625,-0.006270945072174072,0.7983930110931396,-0.20622363686561584,0.22437100112438202,0.7269622683525085,0.4130196273326874,0.029950806871056557,0.8809229135513306,-0.3486787676811218,1
0.0943654477596283,-0.6367114186286926,-0.25636088848114014,0.0964769572019577,-0.6729015707969666,-0.23562397062778473,0.09696754068136215,-0.6734350323677063,-0.23474068939685822,0.09636708348989487,-0.6742905378341675,-0.2344219982624054,0.05921342596411705,-0.6666762232780457,-0.24670320749282837,0.060139019042253494,-0.6676995158195496,-0.2475588023662567,0.05998969078063965,-0.6688613295555115,-0.24695882201194763,0.10571450740098953,-0.6757441163063049,-0.08967050909996033,-0.05018696188926697,-0.6509564518928528,-0.16247344017028809,0.10280536860227585,-0.6189567446708679,-0.20333802700042725,0.056944262236356735,-0.6115816235542297,-0.22310857474803925,0.11164046078920364,-0.5044205784797668,0.06727194786071777,-0.05503133311867714,-0.48180675506591797,-0.18354147672653198,0.1590069681406021,-0.4057278335094452,0.119038425385952,-0.01178978942334652,-0.3903241455554962,-0.2940838932991028,0.16330915689468384,-0.5991886258125305,0.10984113812446594,-0.010045437142252922,-0.5419925451278687,-0.34852999448776245,0.15681791305541992,-0.6303343772888184,0.10655886679887772,-0.008790836669504642,-0.5737627744674683,-0.35885322093963623,0.15989336371421814,-0.646184504032135,0.12069486081600189,-0.025566501542925835,-0.5687292218208313,-0.3619403839111328,0.15832053124904633,-0.6107564568519592,0.11437363922595978,-0.014348308555781841,-0.5472716093063354,-0.34813839197158813,0.07075497508049011,-0.0068073696456849575,0.09793609380722046,-0.07081988453865051,0.005932185798883438,-0.09647493064403534,0.11271870136260986,0.33978337049484253,0.27880698442459106,-0.07831119745969772,0.4070695638656616,-0.13404914736747742,0.14863237738609314,0.5877725481987,0.43938353657722473,-0.14355124533176422,0.7820008397102356,-0.17893247306346893,0.16704347729682922,0.6288995742797852,0.4473132789134979,-0.14956334233283997,0.829773485660553,-0.18970456719398499,0.31070831418037415,0.6681139469146729,0.40643489360809326,-0.07780003547668457,0.8852086067199707,-0.30732303857803345,0
-0.054066434502601624,-0.6271550059318542,-0.20906448364257812,-0.05434853956103325,-0.666351854801178,-0.19753511250019073,-0.0539119727909565,-0.6668785810470581,-0.1968878209590912,-0.054249607026576996,-0.6673235297203064,-0.19694295525550842,-0.08630604296922684,-0.6578717827796936,-0.1914915293455124,-0.08583498746156693,-0.6586427092552185,-0.19231320917606354,-0.0860578790307045,-0.6597784757614136,-0.19184710085391998,0.0026776387821882963,-0.6697155237197876,-0.09664808958768845,-0.13813354074954987,-0.6390215754508972,-0.08291654288768768,-0.02377507835626602,-0.6094760894775391,-0.17150762677192688,-0.06565302610397339,-0.5992727875709534,-0.1668689250946045,0.117695152759552,-0.5274488925933838,-0.06033455580472946,-0.18016432225704193,-0.46272462606430054,-0.07125888764858246,0.09290408343076706,-0.44147440791130066,-0.25529056787490845,-0.195097878575325,-0.3221331238746643,-0.24078544974327087,-0.01651677116751671,-0.518335223197937,-0.45160841941833496,-0.14056667685508728,-0.4451492428779602,-0.42422613501548767,-0.046728041023015976,-0.5196592211723328,-0.48931655287742615,-0.11087269335985184,-0.4700712561607361,-0.4673697054386139,-0.06137164309620857,-0.5328071117401123,-0.4871916174888611,-0.11400353908538818,-0.5021131634712219,-0.4500710070133209,-0.03289996087551117,-0.5202857255935669,-0.4538004398345947,-0.13038824498653412,-0.4614649713039398,-0.4228110909461975,0.107187420129776,-0.009860020130872726,0.016571884974837303,-0.10732445120811462,0.009276007302105427,-0.015496519394218922,0.11991137266159058,0.39807236194610596,0.12983128428459167,-0.07609059661626816,0.3919529616832733,-0.05978798493742943,0.17925690114498138,0.63972008228302,0.4037919044494629,-0.08628891408443451,0.7522592544555664,-0.0375882089138031,0.1951104700565338,0.6769548654556274,0.4234066605567932,-0.08531683683395386,0.7982163429260254,-0.04176809638738632,0.2426035851240158,0.7598247528076172,0.3485085070133209,-0.07482805103063583,0.8886417746543884,-0.1747363805770874,1
0.09981032460927963,-0.5921066403388977,-0.13917267322540283,0.10247372835874557,-0.6295737624168396,-0.12392691522836685,0.10277989506721497,-0.6299149394035339,-0.1231168881058693,0.10233499109745026,-0.6307160258293152,-0.12287319451570511,0.07310876250267029,-0.6288602352142334,-0.13802899420261383,0.07380189746618271,-0.6298432350158691,-0.13873343169689178,0.07339837402105331,-0.6310195922851562,-0.138427734375,0.08911202847957611,-0.6421183347702026,0.005200025159865618,-0.03774484992027283,-0.6436851024627686,-0.08173032104969025,0.09615659713745117,-0.5781762003898621,-0.08974199742078781,0.05869815871119499,-0.5777484774589539,-0.11388778686523438,0.10821007192134857,-0.47404369711875916,0.12193351984024048,-0.08695665746927261,-0.5148789286613464,-0.08770431578159332,0.12892016768455505,-0.32857605814933777,0.1018596962094307,-0.04934924468398094,-0.43144306540489197,-0.057474736124277115,0.12031669169664383,-0.4659397602081299,-0.01364528015255928,-0.017343565821647644,-0.5368459224700928,0.04666384309530258,0.11022491753101349,-0.48150089383125305,-0.03992608189582825,-0.0007062670192681253,-0.547655463218689,0.05642479658126831,0.10751186311244965,-0.5056828856468201,-0.036003321409225464,-0.00957696232944727,-0.5526474118232727,0.038201380521059036,0.11116932332515717,-0.47878751158714294,-0.016495034098625183,-0.015767496079206467,-0.542037308216095,0.044828686863183975,0.07412086427211761,-0.0022861752659082413,0.08721523731946945,-0.07417353242635727,0.001478389953263104,-0.08588312566280365,0.06295138597488403,0.3845217823982239,0.18650445342063904,-0.06532679498195648,0.420332670211792,-0.1396043747663498,0.08087794482707977,0.671542227268219,0.2827463150024414,-0.12128401547670364,0.8097754716873169,-0.1864803284406662,0.09724794328212738,0.7153610587120056,0.2846754193305969,-0.1267787218093872,0.8589845895767212,-0.19692011177539825,0.2247830480337143,0.7610546350479126,0.23996448516845703,-0.03693161532282829,0.9200664162635803,-0.3120512366294861,0
-0.04551984369754791,-0.6237523555755615,-0.19495563209056854,-0.04582519456744194,-0.6631163358688354,-0.1822657436132431,-0.04544595256447792,-0.6636877059936523,-0.18150420486927032,-0.045815881341695786,-0.6641914248466492,-0.18155412375926971,-0.07756650447845459,-0.653853178024292,-0.1757822334766388,-0.07700741291046143,-0.6547188758850098,-0.17643345892429352,-0.07720110565423965,-0.6557984352111816,-0.17608079314231873,0.013013305142521858,-0.6660190224647522,-0.07890129089355469,-0.1267343908548355,-0.6338891386985779,-0.06616654992103577,-0.014606683515012264,-0.6063968539237976,-0.15789301693439484,-0.05602283403277397,-0.5957451462745667,-0.15309013426303864,0.12947772443294525,-0.5176684856414795,-0.03766864910721779,-0.1678716391324997,-0.45827847719192505,-0.05607672408223152,0.10335253924131393,-0.4430430829524994,-0.22727970778942108,-0.1634601354598999,-0.31572219729423523,-0.2119772583246231,0.03189406171441078,-0.5726575255393982,-0.42423105239868164,-0.13507622480392456,-0.4494018256664276,-0.40473735332489014,0.009149867109954357,-0.587853729724884,-0.4596899747848511,-0.112574003636837,-0.47560831904411316,-0.4485388696193695,0.0012506006751209497,-0.60216224193573,-0.456285685300827,-0.12256009876728058,-0.5082579851150513,-0.4357255697250366,0.018787285313010216,-0.5777655243873596,-0.4265938103199005,-0.12820549309253693,-0.46709248423576355,-0.40499231219291687,0.10812590271234512,-0.0064201876521110535,0.02285347878932953,-0.10826066881418228,0.005816756282001734,-0.021685069426894188,0.10955729335546494,0.40060943365097046,0.14384335279464722,-0.07095825672149658,0.38065698742866516,-0.11019998788833618,0.16002856194972992,0.6061553359031677,0.462227463722229,-0.07665020227432251,0.7356213927268982,-0.15185879170894623,0.17619916796684265,0.6407898664474487,0.4860982298851013,-0.07561151683330536,0.7815846800804138,-0.16158170998096466,0.23796099424362183,0.7218230962753296,0.4341668486595154,-0.0468057319521904,0.8772518634796143,-0.2968080937862396,1

0.09673750400543213,-0.5911420583724976,-0.11243392527103424,0.10301293432712555,-0.6262767910957336,-0.09155488014221191,0.10338453203439713,-0.6265320181846619,-0.09086000174283981,0.1028556376695633,-0.627311110496521,-0.09067518264055252,0.07405396550893784,-0.6302332878112793,-0.10553933680057526,0.07457456737756729,-0.6312319040298462,-0.10631687939167023,0.07427579909563065,-0.6323513984680176,-0.10575538873672485,0.0997774600982666,-0.6194994449615479,0.04362998902797699,-0.029772333800792694,-0.6410520076751709,-0.042034611105918884,0.09416535496711731,-0.5697695016860962,-0.062361881136894226,0.05637015029788017,-0.5751259326934814,-0.08549442142248154,0.13650257885456085,-0.4326016902923584,0.1582057923078537,-0.1323363482952118,-0.518060028553009,-0.05736306682229042,0.17588359117507935,-0.26089608669281006,0.07715628296136856,-0.20050571858882904,-0.43915626406669617,-0.1543193906545639,0.18295559287071228,-0.3710600435733795,-0.10177335143089294,0.01297582034021616,-0.46664202213287354,-0.1778053641319275,0.1736953854560852,-0.39005887508392334,-0.12934240698814392,0.08765259385108948,-0.4588068127632141,-0.1932196170091629,0.17864926159381866,-0.4146655201911926,-0.12102623283863068,0.10487458109855652,-0.4778788387775421,-0.17894552648067474,0.17826417088508606,-0.38273853063583374,-0.10282258689403534,0.03641970083117485,-0.4715404808521271,-0.1686198115348816,0.08236609399318695,-0.0013630534522235394,0.08586999773979187,-0.08263643085956573,0.0006440468714572489,-0.08468552678823471,0.10086748749017715,0.39351317286491394,0.15018783509731293,-0.031075498089194298,0.393361359834671,-0.16602060198783875,0.1273258626461029,0.697385847568512,0.2452799677848816,-0.08143612742424011,0.7849171161651611,-0.21669399738311768,0.14503782987594604,0.7427441477775574,0.2465207874774933,-0.08686696738004684,0.8345744013786316,-0.22724086046218872,0.27613845467567444,0.7891868352890015,0.20243041217327118,0.0005656352732330561,0.8948289155960083,-0.3357831835746765,2
-0.047435175627470016,-0.6346642971038818,-0.22437871992588043,-0.043263450264930725,-0.6728664040565491,-0.20855839550495148,-0.0428607203066349,-0.673308789730072,-0.20784570276737213,-0.043132055550813675,-0.6737620830535889,-0.20806483924388885,-0.07595083117485046,-0.6655982136726379,-0.20275789499282837,-0.07541057467460632,-0.6664462089538574,-0.20358988642692566,-0.07561670988798141,-0.6675447225570679,-0.20319528877735138,0.020858755335211754,-0.6669436693191528,-0.10275866091251373,-0.12479424476623535,-0.639653205871582,-0.08715945482254028,-0.015405033715069294,-0.6128671169281006,-0.18788278102874756,-0.05808812007308006,-0.6033492088317871,-0.1823895424604416,0.1493818610906601,-0.5114589333534241,-0.05502983182668686,-0.16832466423511505,-0.456071138381958,-0.08765731751918793,0.26014813780784607,-0.44229596853256226,-0.2411705106496811,-0.16492033004760742,-0.32892581820487976,-0.24700097739696503,0.06345555931329727,-0.4773351550102234,-0.38785555958747864,-0.14693737030029297,-0.47034624218940735,-0.4142282009124756,0.0033631757833063602,-0.4627860486507416,-0.4215322732925415,-0.11965922266244888,-0.5025198459625244,-0.45652541518211365,-0.03842246159911156,-0.4765419065952301,-0.4015425443649292,-0.12419454008340836,-0.5254541635513306,-0.4412035346031189,0.031154923141002655,-0.4763963222503662,-0.38085031509399414,-0.1387762576341629,-0.4827306568622589,-0.41446033120155334,0.10555536299943924,-0.010586746968328953,0.023379342630505562,-0.10569249838590622,0.010120844468474388,-0.022438524290919304,0.13810314238071442,0.3890645503997803,0.12815694510936737,-0.07757800072431564,0.40659305453300476,-0.0616052970290184,0.2120988667011261,0.6539561748504639,0.36800417304039,-0.08132798224687576,0.7743588089942932,-0.04623899981379509,0.23175087571144104,0.6930968761444092,0.38224947452545166,-0.07920840382575989,0.820890486240387,-0.0521993525326252,0.288247674703598,0.7525462508201599,0.29216697812080383,-0.05466759204864502,0.8982165455818176,-0.19676008820533752,3
0.16653560101985931,-0.5795583724975586,-0.0962999239563942,0.17218425869941711,-0.6169244647026062,-0.07855591177940369,0.17269764840602875,-0.6172841787338257,-0.07788613438606262,0.17240603268146515,-0.6180629134178162,-0.07780393213033676,0.14439450204372406,-0.6203761100769043,-0.09310687333345413,0.14510859549045563,-0.6212062835693359,-0.09375444054603577,0.1450202763080597,-0.6225060820579529,-0.09330637007951736,0.16425096988677979,-0.6202842593193054,0.0482456237077713,0.0415738970041275,-0.637998640537262,-0.03509299457073212,0.16364499926567078,-0.5614820718765259,-0.048801545053720474,0.1273421347141266,-0.5654752254486084,-0.07049901783466339,0.18153530359268188,-0.4452952742576599,0.1723528504371643,-0.046852003782987595,-0.5232309103012085,-0.07369735836982727,0.20485416054725647,-0.27208033204078674,0.10515443980693817,-0.08920146524906158,-0.42180439829826355,-0.23211486637592316,0.24947194755077362,-0.27429696917533875,-0.09643116593360901,0.11987264454364777,-0.42918702960014343,-0.3586084842681885,0.24738861620426178,-0.2613433003425598,-0.12450409680604935,0.1815362274646759,-0.41072607040405273,-0.3961845934391022,0.24928303062915802,-0.2827955186367035,-0.1323537528514862,0.2030910849571228,-0.43615415692329407,-0.3811536133289337,0.24596011638641357,-0.2792165279388428,-0.10535179823637009,0.14242024719715118,-0.4339735209941864,-0.3532445430755615,0.07676255702972412,0.006402087863534689,0.09240420907735825,-0.07676704227924347,-0.007145126350224018,-0.0909198671579361,0.07004573941230774,0.3955478370189667,0.13429751992225647,-0.07022146880626678,0.39684727787971497,-0.16572235524654388,0.08211573958396912,0.7120352983474731,0.19921596348285675,-0.12718439102172852,0.7776442766189575,-0.22602182626724243,0.0954490527510643,0.7593831419944763,0.19630758464336395,-0.13248302042484283,0.8261614441871643,-0.2374226450920105,0.21778535842895508,0.8125239014625549,0.14623647928237915,-0.04276113584637642,0.8884590268135071,-0.34473153948783875,2
-0.045374587178230286,-0.6115317344665527,-0.22330524027347565,-0.040022701025009155,-0.6507771015167236,-0.20974859595298767,-0.039553236216306686,-0.6512318849563599,-0.2089841067790985,-0.039857927709817886,-0.6516190767288208,-0.20910054445266724,-0.0717889666557312,-0.6446174383163452,-0.20236258208751678,-0.07122266292572021,-0.6453766822814941,-0.2032960057258606,-0.07148434966802597,-0.646507740020752,-0.20284001529216766,0.02496633306145668,-0.6557474136352539,-0.10825438797473907,-0.11708521842956543,-0.6315192580223083,-0.08613630384206772,-0.013461081311106682,-0.5941122174263,-0.18790653347969055,-0.055099714547395706,-0.5859524011611938,-0.18013854324817657,0.1442849487066269,-0.5137919187545776,-0.07467661798000336,-0.16997243463993073,-0.4645514488220215,-0.07346094399690628,0.2153371125459671,-0.4739237129688263,-0.2728085517883301,-0.22088271379470825,-0.3439442217350006,-0.24348753690719604,0.01376511063426733,-0.4491395354270935,-0.3963077664375305,-0.14930233359336853,-0.4516175091266632,-0.426735520362854,-0.0433257594704628,-0.41935744881629944,-0.4253442585468292,-0.10812589526176453,-0.47886335849761963,-0.4689251482486725,-0.07328363507986069,-0.42747604846954346,-0.4101684093475342,-0.10048288106918335,-0.508078932762146,-0.44892171025276184,-0.011649909429252148,-0.4411807656288147,-0.3909831941127777,-0.13345228135585785,-0.464348703622818,-0.42452365159988403,0.10503539443016052,-0.009442489594221115,0.01657104305922985,-0.10507148504257202,0.008967266418039799,-0.0155755914747715,0.12263702601194382,0.39094293117523193,0.08807718753814697,-0.07822143286466599,0.409339964389801,-0.05021471157670021,0.21396508812904358,0.6410998702049255,0.2945881485939026,-0.0882113128900528,0.7871972918510437,-0.011642440222203732,0.23559844493865967,0.677219569683075,0.30668503046035767,-0.08731633424758911,0.8346840143203735,-0.015614733099937439,0.301235556602478,0.7281953692436218,0.21732917428016663,-0.06996297836303711,0.9082241058349609,-0.15774023532867432,3
0.12252889573574066,-0.5997480154037476,-0.11486919969320297,0.13199441134929657,-0.6349819898605347,-0.09380556643009186,0.13245828449726105,-0.6353459358215332,-0.0931357741355896,0.13211393356323242,-0.6360955834388733,-0.09310298413038254,0.10020532459020615,-0.6395664215087891,-0.10338154435157776,0.1008078083395958,-0.6404768824577332,-0.10407479852437973,0.10068389028310776,-0.6417092084884644,-0.10363249480724335,0.14586502313613892,-0.6241396069526672,0.035858962684869766,0.005696903448551893,-0.6476085186004639,-0.025864388793706894,0.12800009548664093,-0.5761156678199768,-0.06742958724498749,0.08644120395183563,-0.5820998549461365,-0.0834081619977951,0.18014124035835266,-0.43898987770080566,0.14346036314964294,-0.0855320394039154,-0.5206117630004883,-0.05787253752350807,0.2119060456752777,-0.2919536232948303,0.029331360012292862,-0.1300378292798996,-0.4344533681869507,-0.19664929807186127,0.23374629020690918,-0.36923280358314514,-0.17396968603134155,0.08082276582717896,-0.4480930268764496,-0.2788057327270508,0.22750914096832275,-0.3820111155509949,-0.20351442694664001,0.15066343545913696,-0.4357997179031372,-0.30344635248184204,0.22675278782844543,-0.4021012783050537,-0.19710183143615723,0.1671556979417801,-0.45889797806739807,-0.2900058627128601,0.22650548815727234,-0.3779021203517914,-0.17593245208263397,0.1029052659869194,-0.4527112543582916,-0.27246537804603577,0.0820503905415535,0.003169206902384758,0.08787702023983002,-0.08209624886512756,-0.003844548249617219,-0.08657654374837875,0.11758341640233994,0.3744383156299591,0.14383582770824432,-0.060969382524490356,0.3974752128124237,-0.15639549493789673,0.10828599333763123,0.6842088103294373,0.2233509123325348,-0.11971801519393921,0.7784159779548645,-0.21452219784259796,0.12025069445371628,0.730998158454895,0.22238890826702118,-0.12582279741764069,0.8272974491119385,-0.22614935040473938,0.2437874674797058,0.7837558388710022,0.17357474565505981,-0.043122731149196625,0.892806887626648,-0.3373197317123413,2
-0.037994012236595154,-0.6224052309989929,-0.22816810011863708,-0.032726071774959564,-0.6608724594116211,-0.21317923069000244,-0.032257936894893646,-0.6612588167190552,-0.21238060295581818,-0.032587647438049316,-0.6616603136062622,-0.21257416903972626,-0.06492014229297638,-0.6547991037368774,-0.20664404332637787,-0.06431993842124939,-0.6556230783462524,-0.20754249393939972,-0.06458652764558792,-0.6567197442054749,-0.20709073543548584,0.03191869333386421,-0.6590151190757751,-0.10778377950191498,-0.11211881041526794,-0.6351518630981445,-0.09005704522132874,-0.007010906469076872,-0.6025140881538391,-0.1918150633573532,-0.04932248592376709,-0.5941979885101318,-0.185360848903656,0.15156608819961548,-0.5071753263473511,-0.06506197899580002,-0.16471333801746368,-0.46254420280456543,-0.08136402070522308,0.23144464194774628,-0.46765971183776855,-0.2653772830963135,-0.2004125416278839,-0.3379538655281067,-0.25296133756637573,0.021792901679873466,-0.4726824462413788,-0.40025612711906433,-0.12908504903316498,-0.44349780678749084,-0.43203204870224,-0.039874982088804245,-0.44895216822624207,-0.42931145429611206,-0.08933325111865997,-0.4679527282714844,-0.4743766188621521,-0.07121410965919495,-0.45793572068214417,-0.41210073232650757,-0.08514375984668732,-0.49386924505233765,-0.453507661819458,-0.005213865078985691,-0.4672156572341919,-0.3942827582359314,-0.11464579403400421,-0.45447301864624023,-0.4293861389160156,0.10626323521137238,-0.008251835592091084,0.019136453047394753,-0.10641953349113464,0.007739478722214699,-0.018174096941947937,0.1310858577489853,0.38715776801109314,0.10097666829824448,-0.07942326366901398,0.4095976650714874,-0.054760854691267014,0.21787786483764648,0.6257984638214111,0.3457668125629425,-0.08786562085151672,0.7837142944335938,-0.009715944528579712,0.23880323767662048,0.6616266369819641,0.36169740557670593,-0.08693961054086685,0.8309233784675598,-0.012261416763067245,0.3003341555595398,0.7192775011062622,0.2801680266857147,-0.07410029321908951,0.902830958366394,-0.15279211103916168,3
0.10139863938093185,-0.5798444747924805,-0.09584354609251022,0.11098994314670563,-0.6181039214134216,-0.0768672525882721,0.11132379621267319,-0.6181881427764893,-0.07620871812105179,0.11088193953037262,-0.6190623044967651,-0.07616721093654633,0.08065691590309143,-0.62054044008255,-0.08518660068511963,0.08126027137041092,-0.6215944886207581,-0.0858687236905098,0.08101008087396622,-0.6227332353591919,-0.08544529229402542,0.12821824848651886,-0.6175749897956848,0.04903135448694229,-0.006895376835018396,-0.6335751414299011,-0.006201284471899271,0.10873052477836609,-0.5606189370155334,-0.04962543398141861,0.06888821721076965,-0.5639869570732117,-0.06453733146190643,0.16413702070713043,-0.4396565854549408,0.15611089766025543,-0.0905635729432106,-0.50864577293396,-0.009930700995028019,0.23189735412597656,-0.2965887784957886,0.061677079647779465,-0.16648036241531372,-0.39061400294303894,-0.09208670258522034,0.20784783363342285,-0.42418035864830017,-0.10906179994344711,0.012872280552983284,-0.42819729447364807,-0.14375081658363342,0.19093380868434906,-0.44749534130096436,-0.1360834538936615,0.07810525596141815,-0.42207860946655273,-0.16056734323501587,0.18221326172351837,-0.47306862473487854,-0.12383732944726944,0.09444531053304672,-0.4474726915359497,-0.14787457883358002,0.1968037337064743,-0.43665626645088196,-0.1071845144033432,0.03585129231214523,-0.4354291260242462,-0.1360054463148117,0.08113301545381546,0.003119504079222679,0.07898513972759247,-0.08121874928474426,-0.0038153622299432755,-0.07781324535608292,0.07899457961320877,0.3787599802017212,0.1399764120578766,-0.05563297122716904,0.40272945165634155,-0.15918898582458496,0.09055265784263611,0.669944703578949,0.209176704287529,-0.1112886294722557,0.7945157885551453,-0.22507122159004211,0.10261102020740509,0.7152891755104065,0.20832814276218414,-0.11897385120391846,0.8445706963539124,-0.23522694408893585,0.20136131346225739,0.7756029963493347,0.1595507711172104,-0.052546657621860504,0.9097985029220581,-0.34265998005867004,2
-0.05309096723794937,-0.6265124678611755,-0.2314896583557129,-0.04761791229248047,-0.6647859811782837,-0.2172880470752716,-0.047092050313949585,-0.6653047800064087,-0.2165393829345703,-0.0474432110786438,-0.6656971573829651,-0.21664594113826752,-0.07962951064109802,-0.6590436697006226,-0.2105247527360916,-0.07902764528989792,-0.6598315238952637,-0.21138501167297363,-0.07925639301538467,-0.6610307693481445,-0.2108810395002365,0.017531076446175575,-0.662262499332428,-0.11363615840673447,-0.12553200125694275,-0.6410691738128662,-0.09640123695135117,-0.02171534299850464,-0.6059169769287109,-0.19615785777568817,-0.06372632831335068,-0.5986095666885376,-0.18968547880649567,0.13506565988063812,-0.5165268182754517,-0.08743499219417572,-0.1795833706855774,-0.46402567625045776,-0.07956211268901825,0.19895809888839722,-0.4644751250743866,-0.28096145391464233,-0.22056235373020172,-0.34015411138534546,-0.24905112385749817,-0.003098359564319253,-0.4558161497116089,-0.4112292528152466,-0.14567597210407257,-0.45949840545654297,-0.4303766191005707,-0.06279120594263077,-0.42882001399993896,-0.44083020091056824,-0.10398451238870621,-0.48697608709335327,-0.4726881980895996,-0.0933801606297493,-0.43951889872550964,-0.4264867603778839,-0.09987121820449829,-0.5148556232452393,-0.45105645060539246,-0.029522567987442017,-0.45003750920295715,-0.40569934248924255,-0.1307021677494049,-0.47206607460975647,-0.4270525574684143,0.10884253680706024,-0.012248965911567211,0.009088767692446709,-0.10889986902475357,0.011684313416481018,-0.007856144569814205,0.12732405960559845,0.3946553170681,0.12663252651691437,-0.07298450917005539,0.41090941429138184,-0.05266375094652176,0.21711231768131256,0.6351950764656067,0.39172378182411194,-0.0749630481004715,0.7862451076507568,-0.04407748952507973,0.23728883266448975,0.6718946695327759,0.40937530994415283,-0.07274064421653748,0.8336904048919678,-0.05171116441488266,0.27981001138687134,0.743360698223114,0.3248082995414734,-0.06415136158466339,0.9140061736106873,-0.19562874734401703,3
0.1254417598247528,-0.5965932607650757,-0.08291580528020859,0.12871934473514557,-0.633260190486908,-0.063340924680233,0.1289948672056198,-0.6333842277526855,-0.06260401755571365,0.12861482799053192,-0.6342300772666931,-0.06261740624904633,0.10259941965341568,-0.6354809999465942,-0.07924908399581909,0.10312043875455856,-0.6365578174591064,-0.07998358458280563,0.10288430005311966,-0.6376225352287292,-0.07972264289855957,0.11086249351501465,-0.6306830644607544,0.06387990713119507,-0.00791877694427967,-0.6437662839889526,-0.031602077186107635,0.11713730543851852,-0.575772762298584,-0.036245547235012054,0.08295968174934387,-0.5788368582725525,-0.06249949336051941,0.138765349984169,-0.43854397535324097,0.16799548268318176,-0.09273847192525864,-0.5261750221252441,-0.06473041325807571,0.21043948829174042,-0.2946307361125946,0.08344928920269012,-0.0944017767906189,-0.4636898636817932,-0.1242658868432045,0.2152688056230545,-0.448056161403656,-0.10710980743169785,0.07491954416036606,-0.5100076198577881,-0.08938491344451904,0.20415134727954865,-0.4785574972629547,-0.14343813061714172,0.1298902928829193,-0.5025759339332581,-0.09855995327234268,0.19739888608455658,-0.5054517388343811,-0.13322113454341888,0.13763129711151123,-0.5170060992240906,-0.09550462663173676,0.20594137907028198,-0.4632362723350525,-0.10945357382297516,0.09002791345119476,-0.5135838389396667,-0.08430880308151245,0.07417576760053635,0.0014945019502192736,0.09262635558843613,-0.07454792410135269,-0.002187728649005294,-0.0915135070681572,0.10758339613676071,0.37144505977630615,0.16818144917488098,-0.06149442121386528,0.4145500063896179,-0.15698890388011932,0.10377276688814163,0.6747738122940063,0.279268741607666,-0.1274341195821762,0.8046095371246338,-0.21994134783744812,0.11761924624443054,0.7208053469657898,0.2811585068702698,-0.13564109802246094,0.8541299104690552,-0.23160448670387268,0.24670851230621338,0.7741969227790833,0.24120652675628662,-0.047068413347005844,0.9103448390960693,-0.3418968915939331,2
-0.07354535162448883,-0.6203122735023499,-0.23308230936527252,-0.07253284007310867,-0.6602746248245239,-0.22010408341884613,-0.072053462266922,-0.6607443690299988,-0.2192552387714386,-0.07239002734422684,-0.6611060500144958,-0.219471275806427,-0.10401799529790878,-0.649410605430603,-0.20937946438789368,-0.10346180200576782,-0.6501675844192505,-0.21023131906986237,-0.10364196449518204,-0.6512762904167175,-0.20976532995700836,0.002145154168829322,-0.668667733669281,-0.12401900440454483,-0.1366763859987259,-0.6281703114509583,-0.0851491391658783,-0.03474745154380798,-0.6057496070861816,-0.20105473697185516,-0.07566220313310623,-0.5926133990287781,-0.188484787940979,0.14238907396793365,-0.5263441205024719,-0.09097567945718765,-0.16282428801059723,-0.4592192471027374,-0.07150407135486603,0.21685129404067993,-0.48804715275764465,-0.3060970902442932,-0.1991911679506302,-0.3346061706542969,-0.23832309246063232,0.020864641293883324,-0.5001369714736938,-0.44806161522865295,-0.16751593351364136,-0.4374963343143463,-0.44120362401008606,-0.037677619606256485,-0.47903555631637573,-0.478006511926651,-0.13551567494869232,-0.4585101902484894,-0.485027939081192,-0.06847747415304184,-0.4867555499076843,-0.46053996682167053,-0.1341979205608368,-0.48507100343704224,-0.46742013096809387,-0.005878260359168053,-0.49430641531944275,-0.44269347190856934,-0.15505163371562958,-0.44841721653938293,-0.4408136010169983,0.10818271338939667,-0.009010949172079563,0.0103521179407835,-0.10819896310567856,0.008401699364185333,-0.00926627404987812,0.145305797457695,0.3940108120441437,0.1139816865324974,-0.07300365716218948,0.3995102643966675,-0.07087449729442596,0.2647107243537903,0.6076226234436035,0.41761016845703125,-0.06612573564052582,0.7636591196060181,-0.04655667766928673,0.28789594769477844,0.6413056254386902,0.4391716718673706,-0.06349029392004013,0.8093681335449219,-0.050274379551410675,0.33418866991996765,0.710145890712738,0.3692476451396942,-0.058839667588472366,0.8971455097198486,-0.1861947923898697,3
0.15421436727046967,-0.604151725769043,-0.14041586220264435,0.1597808599472046,-0.6409569978713989,-0.11876601725816727,0.16025468707084656,-0.6414036750793457,-0.11799002438783646,0.1598994880914688,-0.6422233581542969,-0.11782748997211456,0.12838035821914673,-0.6446059942245483,-0.13378863036632538,0.12926903367042542,-0.645490288734436,-0.13433371484279633,0.12918855249881744,-0.646833598613739,-0.13389825820922852,0.1581544280052185,-0.6430355906486511,0.013446244411170483,0.024132316932082176,-0.6590275168418884,-0.06699124723672867,0.15390826761722565,-0.585306704044342,-0.09082744270563126,0.11372172832489014,-0.5902008414268494,-0.11124761402606964,0.14944076538085938,-0.4725702106952667,0.1665424257516861,-0.036416832357645035,-0.5348144769668579,-0.12381446361541748,0.10797124356031418,-0.2804965376853943,0.22934910655021667,-0.11440294235944748,-0.42329251766204834,-0.2450954020023346,0.1553642302751541,-0.16705195605754852,0.15234753489494324,0.059368643909692764,-0.4313761591911316,-0.36463409662246704,0.1540660411119461,-0.1184280514717102,0.13762931525707245,0.10846178233623505,-0.42159125208854675,-0.39416491985321045,0.1604849249124527,-0.13302454352378845,0.11560113728046417,0.1269882470369339,-0.44522979855537415,-0.38231128454208374,0.15359364449977875,-0.163174569606781,0.13951945304870605,0.07822838425636292,-0.43758904933929443,-0.35993704199790955,0.07018938660621643,0.0053892722353339195,0.09868437051773071,-0.07010480016469955,-0.006099010352045298,-0.09709348529577255,0.06408462673425674,0.38802778720855713,0.18342262506484985,-0.07909245789051056,0.4012511074542999,-0.17802321910858154,0.05727948620915413,0.695584237575531,0.2740992605686188,-0.14366884529590607,0.786357581615448,-0.25155746936798096,0.06670957803726196,0.7419783473014832,0.27318987250328064,-0.15164987742900848,0.8346936702728271,-0.2622750699520111,0.1787344068288803,0.8117825984954834,0.2236848920583725,-0.06878439337015152,0.9168369174003601,-0.37029534578323364,2
-0.08859961479902267,-0.6099356412887573,-0.24169088900089264,-0.08751039206981659,-0.6502311825752258,-0.2287324070930481,-0.08712713420391083,-0.6506354808807373,-0.22786986827850342,-0.08749707788228989,-0.650969386100769,-0.22818781435489655,-0.11905151605606079,-0.6401078701019287,-0.21980871260166168,-0.11858254671096802,-0.640975296497345,-0.22066783905029297,-0.11884842813014984,-0.6420009136199951,-0.22030679881572723,-0.015025378204882145,-0.6594179272651672,-0.12780457735061646,-0.15579503774642944,-0.6199309229850769,-0.09717746824026108,-0.0512179434299469,-0.5949867367744446,-0.20652253925800323,-0.09244488179683685,-0.5822108387947083,-0.19655872881412506,0.12935225665569305,-0.5170811414718628,-0.08144374191761017,-0.18172559142112732,-0.447112500667572,-0.0903746709227562,0.23254871368408203,-0.4604112207889557,-0.2930062413215637,-0.19932706654071808,-0.3189943730831146,-0.26588815450668335,0.0357295423746109,-0.49126267433166504,-0.4414859116077423,-0.17324621975421906,-0.4390115737915039,-0.453921914100647,-0.02325344644486904,-0.4766116142272949,-0.4713870882987976,-0.1445305049419403,-0.4652395248413086,-0.49678027629852295,-0.05808687582612038,-0.4852827787399292,-0.45200082659721375,-0.14536131918430328,-0.4889332950115204,-0.4778897762298584,0.006734604015946388,-0.48744335770606995,-0.43511876463890076,-0.16268327832221985,-0.45018455386161804,-0.4529667794704437,0.10565110296010971,-0.009736121632158756,0.015420387499034405,-0.10582040250301361,0.009177583269774914,-0.01449326891452074,0.12351872026920319,0.3913680911064148,0.11673906445503235,-0.08323133736848831,0.4026806950569153,-0.06823699176311493,0.22404026985168457,0.5892232060432434,0.40614837408065796,-0.09558259695768356,0.770132839679718,-0.0404602512717247,0.2470320761203766,0.6216081976890564,0.4261883497238159,-0.09525728225708008,0.8166779279708862,-0.04425033926963806,0.3127228021621704,0.6761939525604248,0.3520714044570923,-0.08711209148168564,0.8940003514289856,-0.186488538980484,3
0.12149491906166077,-0.5906665325164795,-0.06832174211740494,0.12792806327342987,-0.6239431500434875,-0.04536247253417969,0.12831464409828186,-0.6242732405662537,-0.04455140605568886,0.12795592844486237,-0.6250272989273071,-0.04435914754867554,0.09993747621774673,-0.6301034688949585,-0.06087205186486244,0.10050409287214279,-0.6310371160507202,-0.06161177530884743,0.10028912127017975,-0.6321717500686646,-0.06109200417995453,0.1143559142947197,-0.6170881390571594,0.0926516205072403,-0.007468408439308405,-0.6489548087120056,-0.0016045388765633106,0.11607152968645096,-0.5698503851890564,-0.018185148015618324,0.07961567491292953,-0.5780403017997742,-0.044157788157463074,0.1366821527481079,-0.4253883361816406,0.199538916349411,-0.10312274843454361,-0.5376302599906921,-0.04099541902542114,0.15747778117656708,-0.2599908411502838,0.10669007152318954,-0.14250721037387848,-0.47584545612335205,-0.12656287848949432,0.19001486897468567,-0.354106605052948,-0.09689828008413315,0.06815087050199509,-0.4563608169555664,-0.1502649337053299,0.18866367638111115,-0.3728174567222595,-0.12523582577705383,0.13706174492835999,-0.433885782957077,-0.167929008603096,0.19650940597057343,-0.3945407271385193,-0.12159420549869537,0.15487033128738403,-0.4460483491420746,-0.1590385138988495,0.18791642785072327,-0.36430758237838745,-0.10088841617107391,0.08957409858703613,-0.45603615045547485,-0.14353512227535248,0.07725716382265091,0.004094555042684078,0.09037092328071594,-0.07742656022310257,-0.004866524133831263,-0.08900564163923264,0.1117447018623352,0.36637306213378906,0.16704507172107697,-0.06456879526376724,0.4095180332660675,-0.18425683677196503,0.12661798298358917,0.6556022763252258,0.2668231725692749,-0.14308388531208038,0.8018760681152344,-0.28010237216949463,0.14072464406490326,0.7007437348365784,0.2681123912334442,-0.1524292379617691,0.8509899377822876,-0.2944795489311218,0.26096948981285095,0.7632881999015808,0.23736722767353058,-0.06916583329439163,0.9185677766799927,-0.4018147587776184,2
-0.08071506768465042,-0.6016219854354858,-0.2641172409057617,-0.07906095683574677,-0.6421221494674683,-0.2527792751789093,-0.07862236350774765,-0.6426385641098022,-0.2518896758556366,-0.07899193465709686,-0.6430081725120544,-0.25199005007743835,-0.11074084788560867,-0.6317065358161926,-0.24091988801956177,-0.1102130338549614,-0.6325048208236694,-0.24169693887233734,-0.11036314815282822,-0.6336314678192139,-0.24122782051563263,-0.000978004653006792,-0.6562200784683228,-0.15670496225357056,-0.13884222507476807,-0.6162746548652649,-0.1132393479347229,-0.04073129594326019,-0.58866947889328,-0.2317352145910263,-0.08208562433719635,-0.5757755637168884,-0.217754527926445,0.14815518260002136,-0.5149649977684021,-0.10470837354660034,-0.16192063689231873,-0.4523925185203552,-0.09870166331529617,0.25654155015945435,-0.4689740240573883,-0.3067983388900757,-0.19865718483924866,-0.33622804284095764,-0.2606127858161926,0.06232930347323418,-0.47428208589553833,-0.4444691240787506,-0.17344063520431519,-0.4641500413417816,-0.46767541766166687,0.003845660947263241,-0.45454907417297363,-0.47337716817855835,-0.14038363099098206,-0.49339738488197327,-0.514378547668457,-0.03114357776939869,-0.4632779061794281,-0.4525543451309204,-0.1404743790626526,-0.5180864930152893,-0.4965371787548065,0.03331621736288071,-0.46904486417770386,-0.4377078711986542,-0.16184139251708984,-0.4760798215866089,-0.4677805006504059,0.1081281378865242,-0.009326448664069176,0.015085136517882347,-0.10814912617206573,0.008748304098844528,-0.014047178439795971,0.13616253435611725,0.38230979442596436,0.14656782150268555,-0.08967679738998413,0.407203733921051,-0.07313978672027588,0.20845413208007812,0.5941627621650696,0.4512249231338501,-0.11143466085195541,0.7757247090339661,-0.07233960181474686,0.22718746960163116,0.628650963306427,0.47358930110931396,-0.11058905720710754,0.8222509026527405,-0.07854894548654556,0.27516037225723267,0.71080082654953,0.40435492992401123,-0.10377104580402374,0.9196280241012573,-0.22144705057144165,3
0.21634529531002045,-0.5633224844932556,-0.12221505492925644,0.2283843606710434,-0.5975574254989624,-0.1010691449046135,0.22884045541286469,-0.5977989435195923,-0.10043906420469284,0.22846171259880066,-0.5987640619277954,-0.10050483793020248,0.20249833166599274,-0.6066683530807495,-0.11513810604810715,0.20320935547351837,-0.6076634526252747,-0.11578551679849625,0.2031649798154831,-0.6088374853134155,-0.11552423238754272,0.21727530658245087,-0.5945438146591187,0.027330735698342323,0.10490606725215912,-0.6372218728065491,-0.057661645114421844,0.20822250843048096,-0.5434010624885559,-0.07636162638664246,0.1743682473897934,-0.555141031742096,-0.09919170290231705,0.22147658467292786,-0.40518808364868164,0.1273033618927002,-0.028960026800632477,-0.5374849438667297,-0.07380358874797821,0.2485588639974594,-0.2589109241962433,0.025089997798204422,-0.12047803401947021,-0.46300265192985535,-0.1865684986114502,0.298828661441803,-0.394758015871048,-0.17869845032691956,0.11787799745798111,-0.43846529722213745,-0.2579003870487213,0.2965194284915924,-0.4254637062549591,-0.21192075312137604,0.19125455617904663,-0.4140535593032837,-0.27895259857177734,0.30447784066200256,-0.4508097171783447,-0.19946828484535217,0.21568889915943146,-0.43278220295906067,-0.268763929605484,0.29669657349586487,-0.4081142842769623,-0.17895038425922394,0.14393414556980133,-0.4386826455593109,-0.25125762820243835,0.07911801338195801,0.005261676851660013,0.09297456592321396,-0.07917387783527374,-0.006020509172230959,-0.09163530170917511,0.0626860037446022,0.37353193759918213,0.1759842336177826,-0.04494005814194679,0.40715891122817993,-0.1603768914937973,0.03819848969578743,0.6413186192512512,0.27976590394973755,-0.10666882246732712,0.7892404198646545,-0.2182849645614624,0.047789350152015686,0.6857385635375977,0.28229936957359314,-0.11462567746639252,0.8377528190612793,-0.2291797697544098,0.16584788262844086,0.7516844272613525,0.24293255805969238,-0.026958929374814034,0.9073842167854309,-0.3387720286846161,2
-0.0745667964220047,-0.6127897500991821,-0.235342338681221,-0.07397103309631348,-0.6528639793395996,-0.22221863269805908,-0.07357094436883926,-0.6533352136611938,-0.22137606143951416,-0.0739193707704544,-0.6537331342697144,-0.22157596051692963,-0.1060120016336441,-0.641955554485321,-0.21315641701221466,-0.10543157905340195,-0.6427550911903381,-0.2138974964618683,-0.10563993453979492,-0.6438663601875305,-0.21354082226753235,-0.003263235790655017,-0.6642155051231384,-0.12102625519037247,-0.14221365749835968,-0.6231318116188049,-0.09022708982229233,-0.037604812532663345,-0.5989668369293213,-0.20059461891651154,-0.07950177788734436,-0.5855203866958618,-0.19036953151226044,0.1401168256998062,-0.5222580432891846,-0.07961679995059967,-0.1700061410665512,-0.44998031854629517,-0.08227158337831497,0.22657440602779388,-0.4677813947200775,-0.29181092977523804,-0.1563975065946579,-0.3184035122394562,-0.24976582825183868,0.014531465247273445,-0.4912888705730438,-0.42672932147979736,-0.1654340773820877,-0.456592321395874,-0.44818389415740967,-0.04873552918434143,-0.4707687497138977,-0.4564429819583893,-0.14819097518920898,-0.48757997155189514,-0.49400150775909424,-0.08420318365097046,-0.48276054859161377,-0.43614527583122253,-0.15991103649139404,-0.5102807879447937,-0.47968053817749023,-0.01598913036286831,-0.4880794882774353,-0.42015036940574646,-0.16130247712135315,-0.4688192903995514,-0.450112909078598,0.10700426995754242,-0.01074757520109415,0.015156397596001625,-0.10701616108417511,0.01025234442204237,-0.014075977727770805,0.14004480838775635,0.39122435450553894,0.14728765189647675,-0.07304251939058304,0.39861950278282166,-0.08923595398664474,0.23160356283187866,0.6203926205635071,0.4347759783267975,-0.08177491277456284,0.7664806246757507,-0.09822788089513779,0.2523081600666046,0.6562865972518921,0.4545789957046509,-0.07987425476312637,0.8131310343742371,-0.10602682828903198,0.3016453981399536,0.7268401980400085,0.3803684711456299,-0.060534827411174774,0.8973959684371948,-0.24844923615455627,3
0.19228683412075043,-0.5783318877220154,-0.13337679207324982,0.19838909804821014,-0.6154338717460632,-0.11486043781042099,0.1988539695739746,-0.6157393455505371,-0.11416390538215637,0.19851697981357574,-0.6166210770606995,-0.11419111490249634,0.17294426262378693,-0.6208564043045044,-0.13330774009227753,0.17359952628612518,-0.621770441532135,-0.13396978378295898,0.17356084287166595,-0.6229320764541626,-0.1336853802204132,0.17515425384044647,-0.6205111145973206,0.013343080878257751,0.06543132662773132,-0.6474785804748535,-0.09269323945045471,0.18068653345108032,-0.5612748861312866,-0.08613554388284683,0.14833320677280426,-0.5680199265480042,-0.11401665210723877,0.1808791607618332,-0.4303969442844391,0.13026684522628784,-0.04825218766927719,-0.5414376258850098,-0.12859117984771729,0.2009047567844391,-0.25514957308769226,0.023467693477869034,-0.09616073220968246,-0.46246498823165894,-0.2734401822090149,0.26733481884002686,-0.3303671181201935,-0.21219047904014587,0.13356304168701172,-0.4350031316280365,-0.3615846335887909,0.2707585096359253,-0.3451876938343048,-0.24840465188026428,0.198624387383461,-0.40906286239624023,-0.392712265253067,0.279225617647171,-0.366172730922699,-0.24395835399627686,0.22194918990135193,-0.42630431056022644,-0.3813440203666687,0.26675668358802795,-0.33983394503593445,-0.2175906002521515,0.15618377923965454,-0.43498897552490234,-0.3562312424182892,0.07454564422369003,0.0035530326422303915,0.10024067014455795,-0.07466936111450195,-0.0043977489694952965,-0.09893248975276947,0.1019541323184967,0.3671150803565979,0.1820969581604004,-0.04026578739285469,0.4093683660030365,-0.1766022890806198,0.06074194610118866,0.6622293591499329,0.30838504433631897,-0.12089578807353973,0.7892014980316162,-0.22427068650722504,0.06847009062767029,0.7088171243667603,0.31174683570861816,-0.1304578185081482,0.8377791047096252,-0.23469863831996918,0.19159391522407532,0.784172773361206,0.2734011113643646,-0.03767410293221474,0.9182310700416565,-0.34863367676734924,2
-0.11099672317504883,-0.5946885347366333,-0.22466495633125305,-0.11004805564880371,-0.6356409192085266,-0.21513600647449493,-0.1097375750541687,-0.63604336977005,-0.21424071490764618,-0.11015006899833679,-0.6364741921424866,-0.214413583278656,-0.1418944150209427,-0.6245321035385132,-0.20292367041110992,-0.14145302772521973,-0.6254368424415588,-0.2036561816930771,-0.141734778881073,-0.626446008682251,-0.20325219631195068,-0.035210318863391876,-0.6530923247337341,-0.12265654653310776,-0.1729823499917984,-0.609977126121521,-0.0803937241435051,-0.0727570429444313,-0.5831710696220398,-0.19233368337154388,-0.11370960623025894,-0.5690050721168518,-0.178506538271904,0.11571041494607925,-0.5221313834190369,-0.07308370620012283,-0.1917237639427185,-0.4436569809913635,-0.06406344473361969,0.21868954598903656,-0.4549911618232727,-0.2725239098072052,-0.20540966093540192,-0.3262210190296173,-0.2164657711982727,0.01092325896024704,-0.47778645157814026,-0.4163869023323059,-0.1897052675485611,-0.45377618074417114,-0.39934995770454407,-0.0491287000477314,-0.4609082341194153,-0.4446268081665039,-0.16242237389087677,-0.48341941833496094,-0.43849682807922363,-0.08647757768630981,-0.47137415409088135,-0.4250505864620209,-0.1648830622434616,-0.5040673017501831,-0.41979092359542847,-0.019156144931912422,-0.47413596510887146,-0.40901631116867065,-0.17934544384479523,-0.4646899998188019,-0.3971777856349945,0.10502550005912781,-0.013733133673667908,0.0210949145257473,-0.105147585272789,0.013240555301308632,-0.020186621695756912,0.14132936298847198,0.3755638599395752,0.14278709888458252,-0.0626438781619072,0.3901119828224182,-0.10113230347633362,0.21725258231163025,0.5594233274459839,0.4541546702384949,-0.0771898552775383,0.7500838041305542,-0.10804329067468643,0.23862570524215698,0.5904126167297363,0.4769410490989685,-0.07686362415552139,0.7964405417442322,-0.11486563831567764,0.3045544922351837,0.658041775226593,0.41758888959884644,-0.0544426292181015,0.8801742196083069,-0.2575426697731018,3
0.19398196041584015,-0.5764498710632324,-0.12715962529182434,0.20971448719501495,-0.6097884178161621,-0.10447750240564346,0.2100827991962433,-0.6100806593894958,-0.1037956029176712,0.20974993705749512,-0.6109119653701782,-0.10391827672719955,0.18290558457374573,-0.6193633675575256,-0.11736498028039932,0.18352144956588745,-0.6203657984733582,-0.1179937794804573,0.18349072337150574,-0.6215053200721741,-0.11780830472707748,0.20811563730239868,-0.6022955179214478,0.026306431740522385,0.08711881190538406,-0.6478884816169739,-0.05320770666003227,0.18730033934116364,-0.5554386973381042,-0.08092403411865234,0.15176749229431152,-0.5678233504295349,-0.10178748518228531,0.21531301736831665,-0.4139609932899475,0.1210877001285553,-0.04680810496211052,-0.5379611849784851,-0.07766791433095932,0.25899991393089294,-0.27313232421875,0.005413082893937826,-0.09424388408660889,-0.45718029141426086,-0.20242521166801453,0.2979300618171692,-0.41330254077911377,-0.20662318170070648,0.13611581921577454,-0.44488635659217834,-0.2656836211681366,0.2934923470020294,-0.44378402829170227,-0.2407585084438324,0.20765934884548187,-0.4267284572124481,-0.28854963183403015,0.2941455543041229,-0.4711368680000305,-0.22715720534324646,0.22891730070114136,-0.44463813304901123,-0.2796362042427063,0.2935498356819153,-0.4270285367965698,-0.2067670077085495,0.16022846102714539,-0.4455825686454773,-0.2592232823371887,0.07892781496047974,0.0026375320740044117,0.09506151080131531,-0.07907171547412872,-0.0033768131397664547,-0.09386841207742691,0.1373656839132309,0.3420795202255249,0.17095418274402618,-0.01376695092767477,0.3826024830341339,-0.179483562707901,0.07297283411026001,0.6192484498023987,0.2981894314289093,-0.105620838701725,0.7605882883071899,-0.22909782826900482,0.07742562890052795,0.664147675037384,0.30179181694984436,-0.11652647703886032,0.8101235032081604,-0.2396608591079712,0.19983534514904022,0.7370835542678833,0.26603955030441284,-0.019326800480484962,0.8836708068847656,-0.35069915652275085,2
-0.09835537523031235,-0.5878797173500061,-0.2378716617822647,-0.0986674502491951,-0.629900336265564,-0.22740969061851501,-0.09830112010240555,-0.6303071975708008,-0.22645366191864014,-0.09868630021810532,-0.6306825280189514,-0.22673556208610535,-0.12967857718467712,-0.6189659237861633,-0.2178880274295807,-0.12919385731220245,-0.6197769045829773,-0.21859648823738098,-0.12956392765045166,-0.6208422780036926,-0.21811439096927643,-0.027874505147337914,-0.6518480181694031,-0.1267157793045044,-0.16594015061855316,-0.6089916229248047,-0.0934920459985733,-0.06100265309214592,-0.5788494348526001,-0.20209668576717377,-0.1016237735748291,-0.5646828413009644,-0.19086559116840363,0.11427397280931473,-0.5238218903541565,-0.07751505821943283,-0.18365520238876343,-0.444061815738678,-0.06872159242630005,0.21150100231170654,-0.4507881999015808,-0.2773534059524536,-0.1896873563528061,-0.29978126287460327,-0.23837751150131226,0.012088015675544739,-0.4421550929546356,-0.41944000124931335,-0.16549921035766602,-0.42240503430366516,-0.440116822719574,-0.0467996746301651,-0.4178178906440735,-0.4491027295589447,-0.1361308991909027,-0.4498734474182129,-0.4843437969684601,-0.08375725895166397,-0.4269399046897888,-0.43216925859451294,-0.14064016938209534,-0.47596192359924316,-0.46554407477378845,-0.017127668485045433,-0.43607860803604126,-0.4132330119609833,-0.15578590333461761,-0.43529555201530457,-0.4386535584926605,0.10445777326822281,-0.011789784766733646,0.012358428910374641,-0.10446639358997345,0.011189879849553108,-0.011270539835095406,0.12185797840356827,0.37533023953437805,0.10779193788766861,-0.08264882862567902,0.3809337615966797,-0.06911062449216843,0.15970614552497864,0.4673140048980713,0.46698009967803955,-0.08819367736577988,0.7401236891746521,-0.04024853557348251,0.1745964139699936,0.4883230924606323,0.4961702823638916,-0.08771053701639175,0.7867627143859863,-0.04272500425577164,0.21331843733787537,0.5620102286338806,0.4582197666168213,-0.08840304613113403,0.8711898922920227,-0.17477279901504517,3

0.14927761256694794,-0.5994794368743896,-0.21602246165275574,0.14733856916427612,-0.6399211883544922,-0.20226581394672394,0.1478181928396225,-0.640511691570282,-0.2015710026025772,0.1474033147096634,-0.6412101984024048,-0.20120835304260254,0.1206018403172493,-0.6372812390327454,-0.21992021799087524,0.12134435027837753,-0.6380752325057983,-0.2207561880350113,0.12118569761514664,-0.6393014788627625,-0.22035016119480133,0.11985045671463013,-0.6531112194061279,-0.07604572176933289,0.003900043899193406,-0.6440644264221191,-0.1736956536769867,0.14052364230155945,-0.5851038694381714,-0.16744129359722137,0.1068580225110054,-0.581852376461029,-0.1938113123178482,0.14189626276493073,-0.47210055589675903,0.054943062365055084,-0.07588174939155579,-0.4688830077648163,-0.17401129007339478,0.12019246816635132,-0.2721674144268036,0.04667416587471962,-0.002600872190669179,-0.260677307844162,-0.25445377826690674,0.1833311915397644,-0.32602521777153015,-0.08504407107830048,0.0717768594622612,-0.43554747104644775,-0.3235149681568146,0.1883658468723297,-0.31822964549064636,-0.10517259687185287,0.09433839470148087,-0.47220277786254883,-0.3444823920726776,0.19784782826900482,-0.3444038927555084,-0.1066475659608841,0.07314260303974152,-0.5082941055297852,-0.3544243276119232,0.18099136650562286,-0.33589982986450195,-0.08969716727733612,0.07037992030382156,-0.45822131633758545,-0.3266840875148773,0.08648648858070374,-0.0007853268762119114,0.08677443861961365,-0.08658547699451447,-0.0001571247266838327,-0.08552996814250946,0.03753936290740967,0.40787187218666077,0.21100634336471558,-0.07395538687705994,0.4058738648891449,-0.11897871643304825,0.04670986905694008,0.7122699618339539,0.34352555871009827,-0.12923094630241394,0.7863239645957947,-0.1257401555776596,0.06255580484867096,0.758568525314331,0.3469730019569397,-0.13463522493839264,0.835208535194397,-0.13471318781375885,0.19821901619434357,0.8044559359550476,0.2854255139827728,-0.05221548303961754,0.8983723521232605,-0.2579512596130371,4
-0.029209086671471596,-0.6086516380310059,-0.22710375487804413,-0.022099867463111877,-0.6486963629722595,-0.21361833810806274,-0.021637141704559326,-0.6491464972496033,-0.2130376249551773,-0.02207804284989834,-0.6498978734016418,-0.21304211020469666,-0.05447155609726906,-0.6447975039482117,-0.20831306278705597,-0.05379645153880119,-0.6456753611564636,-0.2090948224067688,-0.05425282567739487,-0.6468630433082581,-0.2085866630077362,0.03736228123307228,-0.6474105715751648,-0.1053590252995491,-0.10756450891494751,-0.6344438791275024,-0.09905146062374115,-0.0016459266189485788,-0.5895137190818787,-0.1874399483203888,-0.04418933019042015,-0.5839811563491821,-0.1839323192834854,0.13238658010959625,-0.4577430486679077,-0.047924429178237915,-0.15851928293704987,-0.47823983430862427,-0.04212041571736336,0.08344564586877823,-0.2571125328540802,-0.18541613221168518,-0.18281833827495575,-0.32073572278022766,-0.13499297201633453,0.032667480409145355,-0.41467398405075073,-0.3736448287963867,-0.12598785758018494,-0.45991045236587524,-0.3137461543083191,0.009684224613010883,-0.4439508020877838,-0.40501290559768677,-0.0972796380519867,-0.48389676213264465,-0.3437640368938446,0.02317589707672596,-0.4737892150878906,-0.4043692648410797,-0.10354366153478622,-0.5156508088111877,-0.33372530341148376,0.03006916493177414,-0.4319877624511719,-0.3745896518230438,-0.11471232026815414,-0.47671768069267273,-0.3129804730415344,0.10735287517309189,0.0009542621555738151,0.027099551633000374,-0.10728085041046143,-0.0019029519753530622,-0.02581086754798889,0.09152459353208542,0.4171942174434662,0.0971485823392868,-0.059616345912218094,0.35801976919174194,-0.08686323463916779,0.10075763612985611,0.524502694606781,0.40373262763023376,-0.03946388512849808,0.7045109272003174,-0.024151183664798737,0.11029794812202454,0.5482113361358643,0.4286423325538635,-0.03806792199611664,0.7500755786895752,-0.022594477981328964,0.15669645369052887,0.6229318380355835,0.3922751545906067,-0.01700223609805107,0.8198760747909546,-0.14061415195465088,5
0.16175667941570282,-0.5961092114448547,-0.21302254498004913,0.16361692547798157,-0.636400043964386,-0.19897128641605377,0.16407008469104767,-0.6369155049324036,-0.19840893149375916,0.16373665630817413,-0.6376628875732422,-0.1982761174440384,0.13636592030525208,-0.6351056098937988,-0.21481120586395264,0.13702601194381714,-0.635844349861145,-0.21579593420028687,0.13700760900974274,-0.6368810534477234,-0.21542510390281677,0.14411090314388275,-0.6440476775169373,-0.07438082993030548,0.02701539173722267,-0.6434038877487183,-0.16692350804805756,0.15522710978984833,-0.5791997313499451,-0.16540943086147308,0.12079917639493942,-0.5777903199195862,-0.18971337378025055,0.16893410682678223,-0.4526809751987457,0.04361829534173012,-0.06601440906524658,-0.47368574142456055,-0.16941356658935547,0.17514242231845856,-0.27001336216926575,-0.06383495032787323,0.008936346508562565,-0.2831936776638031,-0.27680420875549316,0.21550650894641876,-0.43808621168136597,-0.28002840280532837,0.09540196508169174,-0.453698992729187,-0.38892439007759094,0.2147437185049057,-0.4705577790737152,-0.3165922164916992,0.12068277597427368,-0.49403029680252075,-0.41775569319725037,0.22506660223007202,-0.4999846816062927,-0.30572834610939026,0.09853161871433258,-0.5281268358230591,-0.4221073389053345,0.21267201006412506,-0.4570561647415161,-0.28129807114601135,0.09511727094650269,-0.47640979290008545,-0.3922477960586548,0.08187484741210938,-0.0026223566383123398,0.08602308481931686,-0.08195444941520691,0.0017496049404144287,-0.08488576859235764,0.042914632707834244,0.3877035975456238,0.21980369091033936,-0.0478735975921154,0.40720808506011963,-0.13823360204696655,0.038077462464571,0.6864615678787231,0.34484872221946716,-0.12707993388175964,0.7717729806900024,-0.1343097686767578,0.05035743489861488,0.7328531742095947,0.347995400428772,-0.13681632280349731,0.8190876841545105,-0.14198003709316254,0.17011091113090515,0.785637617111206,0.28072988986968994,-0.062345877289772034,0.8830597996711731,-0.2757004499435425,4
0.13881021738052368,-0.5886401534080505,-0.21605078876018524,0.1527872085571289,-0.6248782873153687,-0.2000971883535385,0.1532481461763382,-0.6251909136772156,-0.19939781725406647,0.15292035043239594,-0.6260627508163452,-0.19947384297847748,0.12092386931180954,-0.6306450963020325,-0.2034512609243393,0.12169834226369858,-0.6314822435379028,-0.20415715873241425,0.12152665853500366,-0.6326676607131958,-0.2037992626428604,0.1844378262758255,-0.6119210124015808,-0.0768827497959137,0.04480217397212982,-0.6410555839538574,-0.11080306023359299,0.14944609999656677,-0.5639731884002686,-0.1712191104888916,0.10788211226463318,-0.571265697479248,-0.17906850576400757,0.22304245829582214,-0.41471239924430847,0.012384201399981976,-0.06826530396938324,-0.5061371922492981,-0.08044537901878357,0.20869533717632294,-0.22066658735275269,-0.12320142984390259,-0.13522908091545105,-0.3636445105075836,-0.21615682542324066,0.1677132546901703,-0.3847626745700836,-0.3409596383571625,0.008104618638753891,-0.47155654430389404,-0.3991939425468445,0.14140565693378448,-0.42248472571372986,-0.3801746368408203,0.055662527680397034,-0.489033043384552,-0.4376027584075928,0.14910897612571716,-0.4572429955005646,-0.3691602647304535,0.06235562637448311,-0.5221158862113953,-0.42496201395988464,0.16099129617214203,-0.4054662585258484,-0.33963388204574585,0.026093721389770508,-0.48609358072280884,-0.3966573476791382,0.10012592375278473,0.006427389103919268,0.054502129554748535,-0.09985052049160004,-0.00733276829123497,-0.053129009902477264,0.09273305535316467,0.3978576362133026,0.167218416929245,-0.07479308545589447,0.38271600008010864,-0.1078559160232544,0.090373195707798,0.5409010052680969,0.4693119525909424,-0.09300205111503601,0.7345527410507202,-0.11353293806314468,0.09932676702737808,0.5722050070762634,0.4924953877925873,-0.09712379425764084,0.7807046175003052,-0.11903911083936691,0.1586587280035019,0.6567250490188599,0.4632122814655304,-0.058838970959186554,0.8622058629989624,-0.2382735013961792,5
0.22987955808639526,-0.5532779097557068,-0.2202131748199463,0.23102125525474548,-0.5954720973968506,-0.2076733261346817,0.2313546985387802,-0.5958461761474609,-0.20706142485141754,0.2310645580291748,-0.5966442227363586,-0.20700524747371674,0.2095126211643219,-0.5964723229408264,-0.22988612949848175,0.2102876603603363,-0.5973621010780334,-0.23081420361995697,0.21005785465240479,-0.5984518527984619,-0.23052725195884705,0.18610361218452454,-0.6154661774635315,-0.08659255504608154,0.09054461866617203,-0.6229614615440369,-0.20872068405151367,0.2100808024406433,-0.5412232875823975,-0.17327497899532318,0.18233807384967804,-0.5422143936157227,-0.20611333847045898,0.1721663475036621,-0.4421364367008209,0.03809915482997894,-0.019402604550123215,-0.47016677260398865,-0.21612249314785004,0.18764282763004303,-0.260172963142395,-0.05637335032224655,0.032327305525541306,-0.2815000116825104,-0.30614063143730164,0.2414989173412323,-0.4152317941188812,-0.2577466368675232,0.1672419160604477,-0.43038004636764526,-0.3589724898338318,0.24763236939907074,-0.44651004672050476,-0.28976476192474365,0.20447422564029694,-0.46173176169395447,-0.38028305768966675,0.25873830914497375,-0.4741908311843872,-0.27638646960258484,0.19173239171504974,-0.4995490610599518,-0.38010409474372864,0.2397792935371399,-0.4319932162761688,-0.25994616746902466,0.17197559773921967,-0.45192375779151917,-0.3580937385559082,0.06817421317100525,-0.0022899059113115072,0.09236741811037064,-0.06833766400814056,0.001302376389503479,-0.09105239063501358,0.05731142684817314,0.36678603291511536,0.2047991305589676,-0.036526668816804886,0.40944886207580566,-0.14314661920070648,0.03500199690461159,0.654132604598999,0.3561600148677826,-0.14572371542453766,0.7673131227493286,-0.14183010160923004,0.04588530212640762,0.6996903419494629,0.3613908290863037,-0.15783850848674774,0.8151599168777466,-0.14936301112174988,0.15923334658145905,0.7591145038604736,0.31637710332870483,-0.06529581546783447,0.8748070001602173,-0.2692369520664215,4
0.03339099511504173,-0.6071439981460571,-0.2610316276550293,0.04080576077103615,-0.6466178297996521,-0.24801921844482422,0.04128473624587059,-0.6470670700073242,-0.2473113089799881,0.04094114899635315,-0.6479716300964355,-0.24726104736328125,0.007028774358332157,-0.6454269289970398,-0.24440205097198486,0.007819624617695808,-0.6460707783699036,-0.24509559571743011,0.007664657197892666,-0.6472534537315369,-0.24458567798137665,0.09442174434661865,-0.6378504037857056,-0.13400596380233765,-0.05477956309914589,-0.6395814418792725,-0.13668514788150787,0.057290174067020416,-0.5849232077598572,-0.2194119542837143,0.013284332118928432,-0.5835797786712646,-0.2183919996023178,0.1807607114315033,-0.43336454033851624,-0.06095456704497337,-0.12410492449998856,-0.4827655553817749,-0.09502480179071426,0.1442933827638626,-0.23926647007465363,-0.2234334498643875,-0.13944129645824432,-0.3326165974140167,-0.22562484443187714,0.09300942718982697,-0.40457767248153687,-0.42567187547683716,-0.0799139142036438,-0.47594505548477173,-0.40737295150756836,0.06796621531248093,-0.43753403425216675,-0.46002715826034546,-0.050632819533348083,-0.4991377592086792,-0.4423765540122986,0.07071472704410553,-0.4710366725921631,-0.4499678313732147,-0.055007848888635635,-0.5287745594978333,-0.4298306107521057,0.08429209887981415,-0.42353272438049316,-0.42392390966415405,-0.06831633299589157,-0.4907664656639099,-0.40611574053764343,0.11002559214830399,0.005427628289908171,0.02883719652891159,-0.10984386503696442,-0.0062642646953463554,-0.027743693441152573,0.0976126417517662,0.4058839678764343,0.16406473517417908,-0.07373074442148209,0.33013665676116943,-0.1780015081167221,0.1988704949617386,0.5435826182365417,0.47720685601234436,-0.09730397909879684,0.6778077483177185,-0.1822013556957245,0.21847109496593475,0.5763553380966187,0.5012496113777161,-0.10263966023921967,0.7239315509796143,-0.18808135390281677,0.27085012197494507,0.6593683362007141,0.45003706216812134,-0.09396272897720337,0.8044822216033936,-0.3184950351715088,5
0.031988345086574554,-0.6282025575637817,-0.262930303812027,0.02437657304108143,-0.6680991053581238,-0.2462831437587738,0.024704167619347572,-0.6686407923698425,-0.24571290612220764,0.02426980435848236,-0.6692835688591003,-0.24573636054992676,-0.004035727586597204,-0.657534658908844,-0.2584155201911926,-0.0035215700045228004,-0.6584411263465881,-0.2592613101005554,-0.0039132521487772465,-0.6595872044563293,-0.2589789628982544,0.01743711344897747,-0.6732799410820007,-0.12153394520282745,-0.10115016251802444,-0.6292818188667297,-0.18677963316440582,0.040804583579301834,-0.6109135150909424,-0.21698614954948425,0.004578923340886831,-0.5974330902099609,-0.23480597138404846,0.10585498064756393,-0.4969789683818817,0.00633497117087245,-0.13331705331802368,-0.44052159786224365,-0.21023857593536377,0.14438119530677795,-0.3293609023094177,-0.11331072449684143,-0.02992655523121357,-0.28075483441352844,-0.3291798233985901,0.14224880933761597,-0.45939046144485474,-0.30269697308540344,0.025928020477294922,-0.47545546293258667,-0.4068056643009186,0.14140380918979645,-0.48169514536857605,-0.33715468645095825,0.04853331297636032,-0.5185731053352356,-0.4309491217136383,0.13765695691108704,-0.5042985081672668,-0.32517266273498535,0.021224865689873695,-0.5509777069091797,-0.4258703291416168,0.1343126744031906,-0.47128838300704956,-0.30441057682037354,0.021965419873595238,-0.4977200925350189,-0.4066881835460663,0.08074624836444855,-0.018177025020122528,0.07854996621608734,-0.08110848814249039,0.017168156802654266,-0.07735093683004379,0.10339918732643127,0.3552670180797577,0.16111232340335846,0.0037840232253074646,0.41051411628723145,-0.08390127867460251,0.07772791385650635,0.6253310441970825,0.344704806804657,-0.11824888736009598,0.7510501146316528,-0.0015722966054454446,0.08993326127529144,0.664941132068634,0.3543004095554352,-0.13068433105945587,0.7974213361740112,0.0009210971766151488,0.19732749462127686,0.7036178708076477,0.29912257194519043,-0.06667645275592804,0.8581303358078003,-0.11829929053783417,4
0.030818641185760498,-0.6144505739212036,-0.19227531552314758,0.0427417978644371,-0.6516276597976685,-0.17464657127857208,0.0432412289083004,-0.6520059704780579,-0.17389711737632751,0.042826611548662186,-0.6528003215789795,-0.17401595413684845,0.01002831757068634,-0.652795135974884,-0.17034025490283966,0.010845277458429337,-0.6536211967468262,-0.17107269167900085,0.01051681861281395,-0.6548044681549072,-0.1705501675605774,0.09742864966392517,-0.6354438066482544,-0.06584374606609344,-0.049136001616716385,-0.6452360153198242,-0.06564150750637054,0.05285586416721344,-0.5887880325317383,-0.15418560802936554,0.009854071773588657,-0.5901808738708496,-0.15247365832328796,0.16791753470897675,-0.435935378074646,-0.035702697932720184,-0.13071021437644958,-0.4945680499076843,-0.025259623304009438,0.12372072786092758,-0.26600199937820435,-0.2017442137002945,-0.18920086324214935,-0.3828083276748657,-0.1512380987405777,0.06640298664569855,-0.45091813802719116,-0.3751273453235626,-0.0836954265832901,-0.5098773837089539,-0.3179852068424225,0.04196932166814804,-0.48918455839157104,-0.40264201164245605,-0.039880137890577316,-0.5280091166496277,-0.3464493453502655,0.04889925941824913,-0.5170519351959229,-0.390148401260376,-0.03485429659485817,-0.5574076771736145,-0.32723942399024963,0.06165075674653053,-0.46754682064056396,-0.37032824754714966,-0.06567773222923279,-0.5221436619758606,-0.31264859437942505,0.10732804238796234,0.0060944021679461,0.025551430881023407,-0.10712183266878128,-0.006899617612361908,-0.024313120171427727,0.09987400472164154,0.410675972700119,0.04120206460356712,-0.08293216675519943,0.33587491512298584,-0.1704147607088089,0.08498812466859818,0.4747673571109772,0.3848021924495697,-0.08560578525066376,0.6809220314025879,-0.13586539030075073,0.09011557698249817,0.49624335765838623,0.4143800735473633,-0.08845116198062897,0.7267225384712219,-0.13693302869796753,0.10826031118631363,0.5922839641571045,0.3909015655517578,-0.07804863154888153,0.7974583506584167,-0.2593603730201721,5
0.06364902853965759,-0.6228904128074646,-0.2246418595314026,0.05627071112394333,-0.6630166172981262,-0.20958372950553894,0.056643418967723846,-0.6635286808013916,-0.20909567177295685,0.05617783963680267,-0.6642417311668396,-0.2090308666229248,0.030205003917217255,-0.6550243496894836,-0.2219136506319046,0.030729802325367928,-0.6559008359909058,-0.22282038629055023,0.030440878123044968,-0.6570150852203369,-0.22254717350006104,0.04744860157370567,-0.6666367053985596,-0.08813878148794174,-0.07189849764108658,-0.6348584294319153,-0.16475650668144226,0.06554734706878662,-0.6056453585624695,-0.17926250398159027,0.031689420342445374,-0.5954012870788574,-0.1981465071439743,0.12425079196691513,-0.48401427268981934,0.023752711713314056,-0.1300179809331894,-0.4610324203968048,-0.177578404545784,0.16406992077827454,-0.31533557176589966,-0.08338666707277298,-0.05692929029464722,-0.32343727350234985,-0.28439950942993164,0.1480332911014557,-0.4584350883960724,-0.2844775319099426,0.04074396938085556,-0.49955397844314575,-0.370879203081131,0.14095953106880188,-0.47807902097702026,-0.32115840911865234,0.07424689084291458,-0.5339070558547974,-0.39505481719970703,0.13471195101737976,-0.5044757127761841,-0.30787086486816406,0.05563294515013695,-0.5662630796432495,-0.39330971240997314,0.13715599477291107,-0.4725096821784973,-0.28466349840164185,0.042511146515607834,-0.5196748971939087,-0.3711552321910858,0.08499503135681152,-0.0148301487788558,0.07892729341983795,-0.0853349044919014,0.01396188884973526,-0.07781882584095001,0.08233537524938583,0.37857872247695923,0.16181941330432892,-0.017146678641438484,0.41220924258232117,-0.11926809698343277,0.09366098791360855,0.6549667716026306,0.31547072529792786,-0.0947965756058693,0.7689648270606995,-0.08443844318389893,0.10885646939277649,0.6962305307388306,0.3213614225387573,-0.1041657030582428,0.8170417547225952,-0.08833999186754227,0.21126790344715118,0.7315306067466736,0.25213131308555603,-0.034112051129341125,0.8788838982582092,-0.2182413786649704,4
0.034436825662851334,-0.5890083312988281,-0.2217574566602707,0.0456237830221653,-0.6275932788848877,-0.21011491119861603,0.04607459530234337,-0.6279024481773376,-0.20938044786453247,0.045706555247306824,-0.6287352442741394,-0.2094999998807907,0.012941285967826843,-0.6286466717720032,-0.20333078503608704,0.013694552704691887,-0.6294712424278259,-0.20400181412696838,0.013416174799203873,-0.6306033134460449,-0.203559011220932,0.1047087237238884,-0.6204240918159485,-0.10401520878076553,-0.03979405760765076,-0.6302292346954346,-0.09318499267101288,0.05909663066267967,-0.5670700073242188,-0.1827072948217392,0.016241051256656647,-0.5685228705406189,-0.17801469564437866,0.18535740673542023,-0.4309126138687134,-0.04408980906009674,-0.11038045585155487,-0.4989723563194275,-0.037138186395168304,0.16056902706623077,-0.2535681426525116,-0.2023511677980423,-0.17592725157737732,-0.3863120973110199,-0.12422773987054825,0.09642304480075836,-0.43054160475730896,-0.39786913990974426,-0.07881057262420654,-0.49836859107017517,-0.28974658250808716,0.065326027572155,-0.4636058807373047,-0.43101370334625244,-0.03396749868988991,-0.507777214050293,-0.320128470659256,0.06891120970249176,-0.49649184942245483,-0.42065927386283875,-0.02777102030813694,-0.5355885028839111,-0.30460700392723083,0.08722269535064697,-0.44863203167915344,-0.3952559232711792,-0.06054533272981644,-0.5090925097465515,-0.285777747631073,0.10555081069469452,0.0021464654710143805,0.032262977212667465,-0.1053553894162178,-0.0029597156681120396,-0.031072648242115974,0.09202925860881805,0.39988455176353455,0.10801276564598083,-0.08468536287546158,0.3699527084827423,-0.11071274429559708,0.16638819873332977,0.5385018587112427,0.41828128695487976,-0.09575744718313217,0.7259476184844971,-0.100065216422081,0.18352098762989044,0.5666100978851318,0.4428942799568176,-0.0988803580403328,0.7729319334030151,-0.10341618955135345,0.23124529421329498,0.6473974585533142,0.40318217873573303,-0.09063200652599335,0.8532067537307739,-0.2254956215620041,5
0.06466320157051086,-0.627281129360199,-0.21446411311626434,0.05771489441394806,-0.667926013469696,-0.1995234489440918,0.058115728199481964,-0.6683546900749207,-0.19908879697322845,0.0576687790453434,-0.6690934896469116,-0.19902440905570984,0.030530201271176338,-0.6591435074806213,-0.21257326006889343,0.031138235703110695,-0.6600401401519775,-0.21353091299533844,0.030912844464182854,-0.6611503958702087,-0.2133006453514099,0.04802970588207245,-0.6726094484329224,-0.08035171777009964,-0.06637922674417496,-0.6389620900154114,-0.15483956038951874,0.06901304423809052,-0.6099645495414734,-0.17042109370231628,0.0345044881105423,-0.5989274978637695,-0.1894504874944687,0.12309444695711136,-0.4876558184623718,0.03959372639656067,-0.1195433959364891,-0.45838162302970886,-0.16458642482757568,0.1611286699771881,-0.3114180564880371,-0.07136928290128708,-0.07261136174201965,-0.2723015248775482,-0.2762283980846405,0.13569869101047516,-0.4408267140388489,-0.28411728143692017,-0.0024803036358207464,-0.4238094985485077,-0.3977254331111908,0.12499372661113739,-0.45801907777786255,-0.3240925967693329,0.02200998179614544,-0.45773932337760925,-0.425985187292099,0.11904546618461609,-0.48867499828338623,-0.31107789278030396,0.0040892912074923515,-0.4918351471424103,-0.426591157913208,0.12504225969314575,-0.4554758369922638,-0.2850381135940552,-0.0011188520584255457,-0.44479382038116455,-0.3994003236293793,0.08189034461975098,-0.01011230330914259,0.0829617828130722,-0.0821060985326767,0.009269259870052338,-0.08183273673057556,0.08071745932102203,0.3769034445285797,0.2020125538110733,-0.012256057932972908,0.40400922298431396,-0.13329240679740906,0.07107807695865631,0.6604423522949219,0.33753612637519836,-0.10670075565576553,0.7667437195777893,-0.12244385480880737,0.08312691003084183,0.7029967308044434,0.34088805317878723,-0.11862858384847641,0.8148437738418579,-0.1286233365535736,0.19372427463531494,0.740726888179779,0.2791033387184143,-0.050437815487384796,0.8700710535049438,-0.256515234708786,4
0.021291062235832214,-0.6214478015899658,-0.2335427850484848,0.03159191831946373,-0.6588782668113708,-0.21811610460281372,0.032080501317977905,-0.6593321561813354,-0.21735067665576935,0.0317300520837307,-0.6601443290710449,-0.21740756928920746,-0.0013505079550668597,-0.6589962840080261,-0.21372465789318085,-0.000578814244363457,-0.6596392393112183,-0.21439488232135773,-0.0007459067855961621,-0.6608085036277771,-0.21388590335845947,0.09188152104616165,-0.6424919962882996,-0.10518807172775269,-0.055015213787555695,-0.6490458250045776,-0.10613136738538742,0.046814899891614914,-0.5956384539604187,-0.19404101371765137,0.003967731259763241,-0.5961280465126038,-0.19304969906806946,0.17116081714630127,-0.43560221791267395,-0.055522460490465164,-0.1309979408979416,-0.4912724196910858,-0.06908466666936874,0.1185174509882927,-0.24890419840812683,-0.20782548189163208,-0.1578679084777832,-0.35105642676353455,-0.19540710747241974,0.06956461071968079,-0.4107731878757477,-0.387819766998291,-0.05598629266023636,-0.4788739085197449,-0.3618175983428955,0.04342176392674446,-0.4402514398097992,-0.4153832495212555,-0.011120724491775036,-0.4947408437728882,-0.3916970491409302,0.053793203085660934,-0.473052978515625,-0.4083942472934723,-0.00843993853777647,-0.5269418358802795,-0.37390658259391785,0.06401834636926651,-0.42849767208099365,-0.3863261044025421,-0.038900818675756454,-0.493526428937912,-0.35740211606025696,0.11093081533908844,0.0019746150355786085,0.020799290388822556,-0.11076373606920242,-0.002859483938664198,-0.019609643146395683,0.11604593694210052,0.40691065788269043,0.16425588726997375,-0.06609664112329483,0.36208978295326233,-0.13416153192520142,0.2520653009414673,0.5632131099700928,0.47113218903541565,-0.07454508543014526,0.7144407033920288,-0.14614522457122803,0.2743586599826813,0.5966392755508423,0.49366113543510437,-0.0774075910449028,0.7601130604743958,-0.15384627878665924,0.3064689636230469,0.6778355240821838,0.43189460039138794,-0.07439221441745758,0.8395422697067261,-0.2817046642303467,5
0.19232210516929626,-0.5644227862358093,-0.2332666963338852,0.19379207491874695,-0.6045350432395935,-0.22067388892173767,0.1942666620016098,-0.6050797700881958,-0.22013621032238007,0.19391097128391266,-0.6058837175369263,-0.21987833082675934,0.1701945811510086,-0.6064149737358093,-0.24137741327285767,0.17083963751792908,-0.607201099395752,-0.2423478364944458,0.1707765758037567,-0.6083263158798218,-0.24198800325393677,0.15534575283527374,-0.6187270283699036,-0.09587232023477554,0.05087834224104881,-0.6304373145103455,-0.21233172714710236,0.1740114837884903,-0.550577700138092,-0.18496239185333252,0.1438126564025879,-0.553250789642334,-0.21690604090690613,0.17019636929035187,-0.44529104232788086,0.01633523963391781,-0.06977448612451553,-0.4694080352783203,-0.19906437397003174,0.18518321216106415,-0.2704831063747406,-0.0882619321346283,-0.011549962684512138,-0.2742096483707428,-0.28484249114990234,0.22286686301231384,-0.4368082582950592,-0.2991800308227539,0.08916158229112625,-0.4300306439399719,-0.37263554334640503,0.2223776876926422,-0.4665224552154541,-0.3364697992801666,0.11817079782485962,-0.4673026502132416,-0.39772656559944153,0.23095428943634033,-0.49386611580848694,-0.32607677578926086,0.10121804475784302,-0.499736487865448,-0.40055161714553833,0.21949464082717896,-0.4534400999546051,-0.30077406764030457,0.09087873250246048,-0.45127761363983154,-0.37419283390045166,0.08538538962602615,-0.003674143925309181,0.08571666479110718,-0.08551721274852753,0.0027460535056889057,-0.08443926274776459,0.04843221977353096,0.3953860402107239,0.23095539212226868,-0.04671194776892662,0.38963115215301514,-0.14547474682331085,0.030569367110729218,0.6739569902420044,0.4114788770675659,-0.12676407396793365,0.7431291937828064,-0.14076915383338928,0.040787775069475174,0.7191736698150635,0.4218096435070038,-0.137495756149292,0.7900691628456116,-0.14863193035125732,0.15950779616832733,0.7826811075210571,0.36277517676353455,-0.06628195941448212,0.8575528860092163,-0.2946591377258301,4
0.0880609080195427,-0.5979282855987549,-0.1998332440853119,0.10140596330165863,-0.6325206160545349,-0.1812526434659958,0.10186392813920975,-0.6328697204589844,-0.1805332899093628,0.10151869058609009,-0.6336379051208496,-0.1806480586528778,0.06909730285406113,-0.6371872425079346,-0.17960338294506073,0.06980417668819427,-0.6380000114440918,-0.18023596704006195,0.06959731131792068,-0.6391611099243164,-0.17980186641216278,0.14491012692451477,-0.611966073513031,-0.062050558626651764,0.002378841396421194,-0.6373887658119202,-0.07781317085027695,0.10299324989318848,-0.571124792098999,-0.1581205129623413,0.06119876354932785,-0.5770914554595947,-0.16007742285728455,0.19450098276138306,-0.41146358847618103,-0.0012429028283804655,-0.09796594828367233,-0.49442964792251587,-0.034997161477804184,0.16545069217681885,-0.21729809045791626,-0.14463835954666138,-0.1707480251789093,-0.3530648946762085,-0.16101008653640747,0.12133154273033142,-0.3766123056411743,-0.3530675768852234,-0.041042979806661606,-0.4564168453216553,-0.33237984776496887,0.09396310895681381,-0.40637439489364624,-0.3911013901233673,0.009520323947072029,-0.46711912751197815,-0.36708933115005493,0.10164463520050049,-0.4416963458061218,-0.3826160728931427,0.016866832971572876,-0.5004957914352417,-0.35240885615348816,0.11501023918390274,-0.39542850852012634,-0.35221871733665466,-0.02168423682451248,-0.4700729250907898,-0.32856202125549316,0.10523446649312973,0.00043039393494836986,0.04113581031560898,-0.1051013395190239,-0.0013719943817704916,-0.03970769792795181,0.11020313948392868,0.40088000893592834,0.13044536113739014,-0.07073280960321426,0.37846213579177856,-0.1051492840051651,0.17672304809093475,0.5929375886917114,0.41439709067344666,-0.09167525172233582,0.7301869988441467,-0.10931701958179474,0.19286741316318512,0.6298754215240479,0.4343588948249817,-0.09613754600286484,0.7775989770889282,-0.11565255373716354,0.25491732358932495,0.7051438093185425,0.3863822817802429,-0.07663629949092865,0.8538939356803894,-0.24121567606925964,5
0.07315975427627563,-0.632304310798645,-0.20901842415332794,0.06807340681552887,-0.6718143224716187,-0.19245946407318115,0.06842754781246185,-0.6722164154052734,-0.19209304451942444,0.06795807182788849,-0.6729846596717834,-0.19208396971225739,0.04220496863126755,-0.664516031742096,-0.20586557686328888,0.04274970665574074,-0.6653048992156982,-0.20681269466876984,0.04243481531739235,-0.6663739681243896,-0.20664994418621063,0.05555282160639763,-0.6709818243980408,-0.07265163213014603,-0.05846661701798439,-0.6434094309806824,-0.1493159979581833,0.07309465110301971,-0.6133790016174316,-0.16551797091960907,0.039874255657196045,-0.6040470004081726,-0.18566350638866425,0.12110669165849686,-0.47717222571372986,0.03475723788142204,-0.11984241008758545,-0.4558323323726654,-0.1564914435148239,0.14900292456150055,-0.30071261525154114,-0.08554434031248093,-0.030452929437160492,-0.26332566142082214,-0.24589429795742035,0.13328200578689575,-0.47329920530319214,-0.2934940457344055,0.014703648164868355,-0.43493515253067017,-0.35244816541671753,0.1255827695131302,-0.5061315894126892,-0.3293937146663666,0.033136218786239624,-0.4719279408454895,-0.3814633786678314,0.12647175788879395,-0.5337769985198975,-0.3163124918937683,0.008232424966990948,-0.5064480304718018,-0.38312605023384094,0.12599609792232513,-0.48996463418006897,-0.2940870225429535,0.012337642721831799,-0.4575593173503876,-0.3556000292301178,0.07869844883680344,-0.013630310073494911,0.0812269076704979,-0.0789395198225975,0.012745106592774391,-0.08014394342899323,0.04183969274163246,0.36598002910614014,0.19378776848316193,0.008457818999886513,0.4098702371120453,-0.1233229860663414,-0.014510503038764,0.6225700378417969,0.3567104637622833,-0.09247006475925446,0.7627703547477722,-0.07246662676334381,-0.007715202402323484,0.6629988551139832,0.36457088589668274,-0.10431471467018127,0.8106154203414917,-0.07422418147325516,0.08308304846286774,0.7175717949867249,0.31043922901153564,-0.03898921608924866,0.872583270072937,-0.19950655102729797,4
-0.02573995478451252,-0.6276683211326599,-0.2026151567697525,-0.01743900403380394,-0.666435182094574,-0.18856698274612427,-0.017008932307362556,-0.6668543815612793,-0.18772423267364502,-0.017452185973525047,-0.6676710844039917,-0.1877974420785904,-0.04990491271018982,-0.6641315817832947,-0.18028166890144348,-0.04914397746324539,-0.6649854779243469,-0.18100279569625854,-0.04941011592745781,-0.6661338806152344,-0.1804519146680832,0.045760490000247955,-0.6558430790901184,-0.08728457242250443,-0.09857267886400223,-0.6510127782821655,-0.07235664874315262,0.0016480315243825316,-0.6038191318511963,-0.16761420667171478,-0.04088873788714409,-0.6010934710502625,-0.16160279512405396,0.13770897686481476,-0.4575673043727875,-0.062026239931583405,-0.1620803326368332,-0.4909011721611023,-0.019326692447066307,0.09569573402404785,-0.2773003578186035,-0.23215888440608978,-0.2419036328792572,-0.3715526759624481,-0.12175071239471436,0.02295544184744358,-0.44558167457580566,-0.40769490599632263,-0.16920515894889832,-0.4984268844127655,-0.28405138850212097,-0.0038310405798256397,-0.4767402112483978,-0.4386312663555145,-0.12950704991817474,-0.5167566537857056,-0.3099832236766815,-0.0015096123097464442,-0.5056865215301514,-0.4266282916069031,-0.1241854876279831,-0.5434757471084595,-0.29253053665161133,0.015503560192883015,-0.46083271503448486,-0.40356874465942383,-0.15146806836128235,-0.5109339356422424,-0.279213547706604,0.10922107845544815,0.0014966701855883002,0.01750998944044113,-0.10909400135278702,-0.0021170207764953375,-0.016425026580691338,0.09951641410589218,0.4072141647338867,0.08716288954019547,-0.09916733205318451,0.30633246898651123,-0.21546044945716858,0.2731827199459076,0.5248991250991821,0.41208693385124207,-0.11259640753269196,0.6631526350975037,-0.20562304556369781,0.3014126121997833,0.5531725883483887,0.4375568628311157,-0.11563313007354736,0.7103860974311829,-0.210557758808136,0.35286885499954224,0.6172457337379456,0.3749908208847046,-0.10725047439336777,0.7880760431289673,-0.3511623442173004,5
0.053123846650123596,-0.6172377467155457,-0.21421070396900177,0.04768644645810127,-0.657416582107544,-0.1984490156173706,0.04806702211499214,-0.6577913165092468,-0.19799606502056122,0.04752972722053528,-0.6585401892662048,-0.1979682892560959,0.019630949944257736,-0.6495382189750671,-0.20998691022396088,0.020187869668006897,-0.6503706574440002,-0.2109115719795227,0.019896630197763443,-0.6514217853546143,-0.21057096123695374,0.04529699683189392,-0.6616613268852234,-0.07462865859270096,-0.07700709253549576,-0.6315443515777588,-0.14296898245811462,0.05801062658429146,-0.6004032492637634,-0.16818150877952576,0.02241356670856476,-0.5900099873542786,-0.18613314628601074,0.12191653996706009,-0.47509312629699707,0.039175406098365784,-0.133323535323143,-0.45262083411216736,-0.13795344531536102,0.16667842864990234,-0.29705655574798584,-0.06472301483154297,-0.07498438656330109,-0.26297128200531006,-0.2579408884048462,0.12034770101308823,-0.46194103360176086,-0.2594192624092102,-0.029563628137111664,-0.42260414361953735,-0.4156683385372162,0.1009332686662674,-0.4914360046386719,-0.2925666272640228,-0.007734784856438637,-0.45464465022087097,-0.4486439824104309,0.09926681965589523,-0.523110568523407,-0.280224472284317,-0.028544830158352852,-0.4891233742237091,-0.4468531012535095,0.11036255955696106,-0.48052409291267395,-0.2582588195800781,-0.028503770008683205,-0.4437404274940491,-0.41839784383773804,0.08620484173297882,-0.012192741967737675,0.07990548014640808,-0.08641423285007477,0.011405793949961662,-0.07892663031816483,0.05769971385598183,0.3673396110534668,0.17594274878501892,-0.01521280873566866,0.41304582357406616,-0.1190585047006607,0.0452745258808136,0.6181776523590088,0.31666725873947144,-0.1002381220459938,0.7908426523208618,-0.08304426819086075,0.05778581276535988,0.6579382419586182,0.32209470868110657,-0.1105639860033989,0.8403226733207703,-0.0859956219792366,0.1574489325284958,0.709574818611145,0.26105430722236633,-0.06667288392782211,0.8962634801864624,-0.21742326021194458,4
0.11424116045236588,-0.5964902639389038,-0.21046872437000275,0.1316993087530136,-0.6278609037399292,-0.19345781207084656,0.13223955035209656,-0.6282376050949097,-0.19272711873054504,0.13193738460540771,-0.6289563179016113,-0.19273215532302856,0.1006530299782753,-0.6366916298866272,-0.19069497287273407,0.1014149934053421,-0.6375192403793335,-0.19139108061790466,0.1012231856584549,-0.6387311220169067,-0.19079701602458954,0.17425508797168732,-0.5993942618370056,-0.07839859277009964,0.03679272159934044,-0.6413353681564331,-0.08611024171113968,0.12673087418079376,-0.5669671297073364,-0.17021895945072174,0.08618099242448807,-0.5776803493499756,-0.1709483116865158,0.20620429515838623,-0.3993609845638275,-0.029795164242386818,-0.0852149948477745,-0.5011112689971924,-0.03182024508714676,0.15882937610149384,-0.22013728320598602,-0.1745612472295761,-0.19048869609832764,-0.34807008504867554,-0.1420200914144516,0.13161012530326843,-0.39311128854751587,-0.37080609798431396,-0.058400653302669525,-0.4312194287776947,-0.3082237243652344,0.10789534449577332,-0.4276508688926697,-0.4054794907569885,-0.010249563492834568,-0.4368550479412079,-0.33830901980400085,0.11947651207447052,-0.4601265788078308,-0.3970692455768585,0.0015588202513754368,-0.4702719748020172,-0.3208410143852234,0.12830200791358948,-0.4117543697357178,-0.3690926730632782,-0.03693968802690506,-0.44352656602859497,-0.30322352051734924,0.10626839846372604,0.0037731074262410402,0.03636106848716736,-0.10594864189624786,-0.004669323097914457,-0.035030022263526917,0.12924809753894806,0.40141505002975464,0.08404996991157532,-0.09290215373039246,0.3804962635040283,-0.08992776274681091,0.19766466319561005,0.5757415890693665,0.39027929306030273,-0.10944599658250809,0.7295523285865784,-0.06734994798898697,0.21214249730110168,0.608407735824585,0.41487038135528564,-0.1137167364358902,0.7761812210083008,-0.070441834628582,0.26385244727134705,0.6965187191963196,0.3760523200035095,-0.10814555734395981,0.8587788343429565,-0.19014237821102142,5
-0.09035616368055344,-0.6292814612388611,-0.26284173130989075,-0.10061566531658173,-0.6698777675628662,-0.25005286931991577,-0.10041923820972443,-0.6703548431396484,-0.249640554189682,-0.10085443407297134,-0.6709345579147339,-0.24938596785068512,-0.12993976473808289,-0.6518035531044006,-0.2570369839668274,-0.12971088290214539,-0.6527507305145264,-0.25811338424682617,-0.1300572007894516,-0.6536116003990173,-0.25781241059303284,-0.08553502708673477,-0.675278902053833,-0.1251944750547409,-0.21464914083480835,-0.6125058531761169,-0.17458376288414001,-0.0739075094461441,-0.6147747039794922,-0.21567702293395996,-0.11193810403347015,-0.5956751108169556,-0.22834637761116028,0.03617288917303085,-0.5236051678657532,-0.012211778201162815,-0.22427254915237427,-0.42480891942977905,-0.1729067862033844,0.08446923643350601,-0.35838690400123596,-0.16319192945957184,-0.1081136092543602,-0.24823272228240967,-0.2733137011528015,0.016974803060293198,-0.47711607813835144,-0.4065920114517212,-0.07325786352157593,-0.4115452468395233,-0.3635759651660919,0.0007059309282340109,-0.5013132095336914,-0.45182693004608154,-0.05186042562127113,-0.45188620686531067,-0.38899120688438416,-0.004636315628886223,-0.5228831171989441,-0.4451662302017212,-0.08048932254314423,-0.4796219766139984,-0.38704848289489746,0.004798031412065029,-0.4881962537765503,-0.4096914529800415,-0.07710493355989456,-0.43250805139541626,-0.3632798492908478,0.08465376496315002,-0.025911925360560417,0.07703717797994614,-0.08512543141841888,0.02524593472480774,-0.07613223046064377,0.1650296300649643,0.32244375348091125,0.2614104151725769,-0.015142053365707397,0.38728541135787964,-0.07652878761291504,0.19152000546455383,0.5920668840408325,0.4654289186000824,-0.12068548798561096,0.740309476852417,-0.02971292845904827,0.21050173044204712,0.6303049921989441,0.4782088100910187,-0.1313486248254776,0.7865376472473145,-0.03211870416998863,0.3357289731502533,0.649886429309845,0.4166560173034668,-0.07631052285432816,0.8474973440170288,-0.16065570712089539,4
0.13439013063907623,-0.5536868572235107,-0.2767488658428192,0.15002387762069702,-0.586534321308136,-0.2631377577781677,0.15046919882297516,-0.5870063304901123,-0.26252657175064087,0.15025892853736877,-0.5877304673194885,-0.2624879479408264,0.12254782766103745,-0.5972442030906677,-0.266485333442688,0.12330769002437592,-0.5980982780456543,-0.267215371131897,0.12307707220315933,-0.5993564128875732,-0.26668715476989746,0.17456065118312836,-0.5739850401878357,-0.13954342901706696,0.050142984837293625,-0.6251993775367737,-0.17713062465190887,0.13760443031787872,-0.53089839220047,-0.23071803152561188,0.10135511308908463,-0.544346272945404,-0.23956730961799622,0.21038104593753815,-0.38944995403289795,-0.05739196017384529,-0.0899447649717331,-0.5057677626609802,-0.10655433684587479,0.16555021703243256,-0.16920562088489532,-0.18288393318653107,-0.16738265752792358,-0.3151911497116089,-0.20749898254871368,0.13308608531951904,-0.3243328034877777,-0.4131580591201782,-0.018727274611592293,-0.37600818276405334,-0.39894992113113403,0.10917197167873383,-0.35632404685020447,-0.4536186754703522,0.03394066169857979,-0.37977638840675354,-0.4387107789516449,0.12325632572174072,-0.3960624635219574,-0.44821247458457947,0.04151027649641037,-0.41623133420944214,-0.42886754870414734,0.13012230396270752,-0.3461421728134155,-0.41359153389930725,0.0014097337843850255,-0.3891820013523102,-0.3972322642803192,0.1039205864071846,0.0009003887535072863,0.04706752300262451,-0.10359888523817062,-0.001790699316188693,-0.045708898454904556,0.14840880036354065,0.3868929147720337,0.14846646785736084,-0.05266020447015762,0.385861337184906,-0.12099416553974152,0.18392840027809143,0.5867511034011841,0.42227816581726074,-0.0755375325679779,0.7362614274024963,-0.1202545091509819,0.19676995277404785,0.622560441493988,0.4426528811454773,-0.08022696524858475,0.7826921343803406,-0.12636683881282806,0.275806725025177,0.7091726064682007,0.4015023112297058,-0.0608394555747509,0.8651352524757385,-0.2505035102367401,5

-0.027718864381313324,-0.6284969449043274,-0.22388824820518494,-0.03850807994604111,-0.6665014624595642,-0.206841841340065,-0.038149721920490265,-0.6669379472732544,-0.20627588033676147,-0.038816988468170166,-0.6677153706550598,-0.2062203735113144,-0.06765145063400269,-0.6560628414154053,-0.2157129943370819,-0.06721961498260498,-0.6570947766304016,-0.2164892554283142,-0.06752609461545944,-0.6581545472145081,-0.21618938446044922,-0.03128686174750328,-0.6662513017654419,-0.07830943167209625,-0.1602737009525299,-0.6252999305725098,-0.14006264507770538,-0.016704998910427094,-0.6097250580787659,-0.17632834613323212,-0.05473031476140022,-0.5967206358909607,-0.19211934506893158,0.06346527487039566,-0.5005396008491516,0.042594749480485916,-0.20109978318214417,-0.43897199630737305,-0.13162125647068024,0.12372466921806335,-0.34498605132102966,-0.08147060871124268,-0.17559503018856049,-0.20295140147209167,-0.22068068385124207,0.06123039871454239,-0.4852674901485443,-0.33675479888916016,-0.07129590958356857,-0.18489600718021393,-0.3671897053718567,0.03939702734351158,-0.5044646859169006,-0.3829426169395447,-0.025623979046940804,-0.16462814807891846,-0.3981095254421234,0.027103649452328682,-0.5306258201599121,-0.37390032410621643,-0.029017696157097816,-0.20237737894058228,-0.4031587839126587,0.04752977564930916,-0.4974893629550934,-0.33921003341674805,-0.057453788816928864,-0.1982365846633911,-0.3697494864463806,0.08138065785169601,-0.01959856227040291,0.08707724511623383,-0.08173055946826935,0.01893206313252449,-0.08585482835769653,0.09198198467493057,0.37902626395225525,0.2241857647895813,-0.008071713149547577,0.3916109800338745,-0.12941409647464752,0.10422371327877045,0.6805513501167297,0.36251968145370483,-0.05909581854939461,0.7739152312278748,-0.1312345713376999,0.1213497444987297,0.7232639193534851,0.3675936460494995,-0.06385432928800583,0.8226364254951477,-0.13892701268196106,0.2437424212694168,0.7600376605987549,0.3072912395000458,0.006592397578060627,0.8767522573471069,-0.27229639887809753,6
0.021149206906557083,-0.60062175989151,-0.2501440644264221,0.030867181718349457,-0.6389923095703125,-0.23501934111118317,0.031422194093465805,-0.6394501328468323,-0.2344474494457245,0.031168753281235695,-0.6400517225265503,-0.23455815017223358,-0.0018428436014801264,-0.6395213603973389,-0.23069344460964203,-0.0011389123974367976,-0.6401156187057495,-0.23141025006771088,-0.0014364924281835556,-0.6414077281951904,-0.23076382279396057,0.08724121749401093,-0.6263555884361267,-0.12520480155944824,-0.05618332326412201,-0.6333948373794556,-0.11718687415122986,0.045667197555303574,-0.5762032866477966,-0.21176476776599884,0.0030343949329108,-0.5761911869049072,-0.20698684453964233,0.17299051582813263,-0.432525098323822,-0.06542972475290298,-0.13643792271614075,-0.4833765923976898,-0.04208825156092644,0.1662018895149231,-0.19934238493442535,-0.19184671342372894,-0.20050206780433655,-0.31372901797294617,-0.16066038608551025,0.09814919531345367,-0.2232174575328827,-0.407512903213501,-0.12315953522920609,-0.4224291741847992,-0.40801048278808594,0.06336800009012222,-0.21242699027061462,-0.4481353759765625,-0.08715684711933136,-0.43396076560020447,-0.45573481917381287,0.059168990701436996,-0.24843481183052063,-0.45697373151779175,-0.08165106922388077,-0.4754319489002228,-0.4449932277202606,0.08539597690105438,-0.23495003581047058,-0.4124058187007904,-0.10518898069858551,-0.43835970759391785,-0.4088227152824402,0.11267555505037308,0.0018523794133216143,0.01761677674949169,-0.11218082904815674,-0.0027826656587421894,-0.0161631777882576,0.11615598946809769,0.41143327951431274,0.08415234088897705,-0.064974345266819,0.3703056275844574,-0.1088603287935257,0.17159894108772278,0.5642991662025452,0.4052647054195404,-0.04530462995171547,0.7247776985168457,-0.06062828749418259,0.18260717391967773,0.5939428210258484,0.430123895406723,-0.04551185294985771,0.7717256546020508,-0.061942193657159805,0.1947076916694641,0.6850244998931885,0.3687836527824402,-0.06424304097890854,0.8532068133354187,-0.19085605442523956,7
0.12044137716293335,-0.5868484377861023,-0.2555660605430603,0.11812885105609894,-0.6279751658439636,-0.23946143686771393,0.1185845136642456,-0.6283528804779053,-0.23879234492778778,0.11823859065771103,-0.6291532516479492,-0.2386251538991928,0.08851263672113419,-0.6241351962089539,-0.2557796537876129,0.0891631469130516,-0.6249628067016602,-0.256517231464386,0.08899395167827606,-0.6261389851570129,-0.25604259967803955,0.1014735996723175,-0.6419808268547058,-0.10020178556442261,-0.029425058513879776,-0.6307604908943176,-0.19261188805103302,0.11709928512573242,-0.5730931162834167,-0.20281417667865753,0.07842668145895004,-0.5689167976379395,-0.2283962070941925,0.12900440394878387,-0.48257750272750854,0.04146532714366913,-0.10127604007720947,-0.4539058804512024,-0.1648786962032318,0.1438145637512207,-0.3237690031528473,-0.037060920149087906,-0.09494481980800629,-0.18951381742954254,-0.17738278210163116,0.16792351007461548,-0.453499436378479,-0.26102375984191895,-0.0030332619789987803,-0.19800560176372528,-0.22101549804210663,0.1669054478406906,-0.46508678793907166,-0.30361008644104004,0.030027523636817932,-0.18215230107307434,-0.23984433710575104,0.16461768746376038,-0.4866831600666046,-0.299007385969162,0.02507462166249752,-0.21895553171634674,-0.2501086890697479,0.16131897270679474,-0.4645616412162781,-0.2655235528945923,0.006191582884639502,-0.21172067523002625,-0.22415421903133392,0.08304660022258759,-0.0066518657840788364,0.08495906740427017,-0.08310747146606445,0.005737677216529846,-0.08355657756328583,0.08832487463951111,0.4140748679637909,0.15816377103328705,-0.01611570455133915,0.4074925482273102,-0.11587986350059509,0.11449241638183594,0.7399716377258301,0.25362300872802734,-0.08232744038105011,0.7622181177139282,-0.09057106822729111,0.12851667404174805,0.786856472492218,0.254484623670578,-0.08984128385782242,0.809303879737854,-0.09352616965770721,0.23917046189308167,0.8409915566444397,0.18458573520183563,-0.027630776166915894,0.8837994337081909,-0.21288396418094635,6
-0.03613639622926712,-0.5926899313926697,-0.26400184631347656,-0.029265107586979866,-0.6331170797348022,-0.25572890043258667,-0.028729448094964027,-0.6335670948028564,-0.2551538348197937,-0.029047740623354912,-0.6342522501945496,-0.2551547586917877,-0.06193496659398079,-0.6301579475402832,-0.2464696615934372,-0.061332762241363525,-0.6307439208030701,-0.24728254973888397,-0.061593197286129,-0.6320599317550659,-0.2465580701828003,0.04127330332994461,-0.6358249187469482,-0.15719181299209595,-0.10076449811458588,-0.6282792687416077,-0.12712520360946655,-0.0026990396436303854,-0.574989914894104,-0.22806310653686523,-0.045007772743701935,-0.5706844925880432,-0.21694515645503998,0.15360882878303528,-0.4556666612625122,-0.09014188498258591,-0.15074637532234192,-0.4802132546901703,-0.04300447553396225,0.1640273630619049,-0.2185949683189392,-0.210069477558136,-0.2057633101940155,-0.33023396134376526,-0.13910715281963348,0.0729728564620018,-0.20795844495296478,-0.4080919921398163,-0.16412007808685303,-0.44017136096954346,-0.3744148313999176,0.03566408157348633,-0.18826939165592194,-0.44594916701316833,-0.13444428145885468,-0.4521995782852173,-0.4173198938369751,0.022615481168031693,-0.22501280903816223,-0.45465272665023804,-0.13438066840171814,-0.4900560677051544,-0.4095872938632965,0.055675528943538666,-0.21813474595546722,-0.41191565990448,-0.14984838664531708,-0.45538872480392456,-0.37530532479286194,0.1142168939113617,-0.004046726506203413,0.01263867411762476,-0.1137537807226181,0.003142536384984851,-0.011273357085883617,0.1369490921497345,0.39821135997772217,0.14581476151943207,-0.07659131288528442,0.3845161199569702,-0.08862194418907166,0.26177358627319336,0.5832854509353638,0.4437066912651062,-0.06502191722393036,0.752004086971283,-0.09036586433649063,0.2836282551288605,0.6171751022338867,0.46615928411483765,-0.06389647722244263,0.7993679046630859,-0.09791801869869232,0.32343199849128723,0.6937760710716248,0.39633017778396606,-0.08308173716068268,0.8844645619392395,-0.23354919254779816,7
0.03173249959945679,-0.609214723110199,-0.2509860396385193,0.026650266721844673,-0.6484787464141846,-0.2361323982477188,0.026997298002243042,-0.648790717124939,-0.2355419546365738,0.02655767649412155,-0.6495686173439026,-0.23524723947048187,-0.0023582540452480316,-0.6421608328819275,-0.24899785220623016,-0.0019414506386965513,-0.643099308013916,-0.24988403916358948,-0.002115391893312335,-0.6441318392753601,-0.24945864081382751,0.0196077860891819,-0.6495791673660278,-0.1023704782128334,-0.10972494632005692,-0.6274468302726746,-0.18286371231079102,0.03274098411202431,-0.590247631072998,-0.2009209543466568,-0.004476491361856461,-0.5830332040786743,-0.22272975742816925,0.07517445087432861,-0.48022758960723877,0.039492662996053696,-0.15808655321598053,-0.44634541869163513,-0.16400115191936493,0.1305534541606903,-0.3023437261581421,-0.055533282458782196,-0.13167321681976318,-0.20410387217998505,-0.20653702318668365,0.1185525581240654,-0.4041069746017456,-0.3032783567905426,-0.02259628102183342,-0.22634711861610413,-0.27346116304397583,0.10783446580171585,-0.4113036096096039,-0.3459673821926117,0.021379299461841583,-0.2199474275112152,-0.29440557956695557,0.10260152071714401,-0.43690118193626404,-0.34078285098075867,0.012849920429289341,-0.25498488545417786,-0.30250149965286255,0.10842063277959824,-0.4146958291530609,-0.3072315454483032,-0.013240966945886612,-0.24150840938091278,-0.2743867337703705,0.08024949580430984,-0.013123184442520142,0.09150227904319763,-0.08060628920793533,0.01235347893089056,-0.09014139324426651,0.11998559534549713,0.39120689034461975,0.22320999205112457,-0.028075959533452988,0.40093350410461426,-0.12889330089092255,0.16503669321537018,0.6964446902275085,0.35912537574768066,-0.11705345660448074,0.7670526504516602,-0.13562996685504913,0.18446627259254456,0.7409732937812805,0.36353379487991333,-0.1277519017457962,0.8151819705963135,-0.1429274082183838,0.3150539994239807,0.7761006355285645,0.3028256893157959,-0.06551523506641388,0.8760135769844055,-0.26300060749053955,6
0.012952866032719612,-0.6152116060256958,-0.25719431042671204,0.023345088586211205,-0.6519293785095215,-0.24563845992088318,0.023996468633413315,-0.6525056958198547,-0.24510495364665985,0.023734115064144135,-0.6530803442001343,-0.24492979049682617,-0.009195568040013313,-0.6523749232292175,-0.24020107090473175,-0.00861023087054491,-0.652899444103241,-0.24113047122955322,-0.00870554894208908,-0.654275119304657,-0.24018649756908417,0.08337216079235077,-0.6390551328659058,-0.14026232063770294,-0.05932801961898804,-0.6465722918510437,-0.1276104748249054,0.03973526880145073,-0.5904598236083984,-0.21996672451496124,-0.002600825158879161,-0.5907325148582458,-0.21419528126716614,0.1688661277294159,-0.4523497521877289,-0.08027024567127228,-0.13382820785045624,-0.4827106297016144,-0.045832421630620956,0.19908353686332703,-0.22580939531326294,-0.1630275547504425,-0.20130710303783417,-0.3322441875934601,-0.13067784905433655,0.12270785868167877,-0.19655747711658478,-0.340503066778183,-0.1267271339893341,-0.4547663927078247,-0.3267139494419098,0.08398894220590591,-0.1707783341407776,-0.37620776891708374,-0.08858706802129745,-0.47110575437545776,-0.36483561992645264,0.06892526149749756,-0.20392483472824097,-0.3863058388233185,-0.08731067925691605,-0.5087066888809204,-0.35254913568496704,0.10455368459224701,-0.20463889837265015,-0.3441113531589508,-0.11152418702840805,-0.47088342905044556,-0.3255419433116913,0.1159292683005333,-0.004819209687411785,-0.008272377774119377,-0.11559049785137177,0.003882033284753561,0.009839622303843498,0.11775565892457962,0.41053226590156555,0.131435826420784,-0.13603737950325012,0.3766423165798187,-0.07589519023895264,0.31944379210472107,0.6037281155586243,0.3952711224555969,-0.11170123517513275,0.7429620623588562,-0.050990160554647446,0.34726110100746155,0.6379933953285217,0.4137028753757477,-0.10848493129014969,0.7895945906639099,-0.05642002075910568,0.3483254611492157,0.7283934950828552,0.31850048899650574,-0.14956992864608765,0.8786824345588684,-0.18794649839401245,7
0.12486165761947632,-0.5790836215019226,-0.25659164786338806,0.12202674150466919,-0.6207647919654846,-0.24434837698936462,0.12231744080781937,-0.6210100054740906,-0.24359868466854095,0.12183760851621628,-0.6218340992927551,-0.24325542151927948,0.09654021263122559,-0.614910364151001,-0.261646568775177,0.09707878530025482,-0.6159073114395142,-0.262433260679245,0.09699594974517822,-0.6168074011802673,-0.26196980476379395,0.09204284846782684,-0.6411998271942139,-0.11092260479927063,-0.020071864128112793,-0.6244602799415588,-0.21342919766902924,0.11374456435441971,-0.5668500065803528,-0.20519310235977173,0.08128672093153,-0.5618497729301453,-0.2342139035463333,0.10440104454755783,-0.49502426385879517,0.03753961622714996,-0.11570288985967636,-0.4675620198249817,-0.1912567913532257,0.1274736076593399,-0.3290560245513916,-0.020468708127737045,-0.1714167296886444,-0.23548267781734467,-0.19642074406147003,0.1654200553894043,-0.4418037533760071,-0.24885481595993042,-0.01620003953576088,-0.19706286489963531,-0.2053067684173584,0.16761581599712372,-0.45859718322753906,-0.28825095295906067,0.042655933648347855,-0.17285367846488953,-0.22045882046222687,0.17128989100456238,-0.47110792994499207,-0.287558913230896,0.05118293687701225,-0.20620989799499512,-0.22623178362846375,0.16346773505210876,-0.4485112428665161,-0.2571832239627838,0.001772865653038025,-0.20832523703575134,-0.20239971578121185,0.07144943624734879,-0.011665524914860725,0.09597241133451462,-0.07189161330461502,0.01091337576508522,-0.09444539994001389,0.13587899506092072,0.3894595205783844,0.245097354054451,-0.01873062364757061,0.3919771611690521,-0.1578788161277771,0.20064705610275269,0.6916422247886658,0.4223862588405609,-0.14683178067207336,0.746035099029541,-0.2010040432214737,0.22030919790267944,0.7368531227111816,0.43057781457901,-0.163624107837677,0.7920315265655518,-0.20978328585624695,0.3526780307292938,0.7834417223930359,0.37175804376602173,-0.10857450217008591,0.862392246723175,-0.3216816484928131,6
-0.11493910849094391,-0.5914102792739868,-0.26198798418045044,-0.1093236431479454,-0.6319267749786377,-0.2635064423084259,-0.10878869146108627,-0.6324901580810547,-0.26295554637908936,-0.10912661254405975,-0.6330123543739319,-0.26283517479896545,-0.1400717943906784,-0.6266961097717285,-0.2469862550497055,-0.13962961733341217,-0.6273002028465271,-0.24803400039672852,-0.13989338278770447,-0.628633975982666,-0.24687781929969788,-0.024051949381828308,-0.6458525657653809,-0.1866336315870285,-0.15428687632083893,-0.6295788884162903,-0.12934774160385132,-0.07383933663368225,-0.5784931182861328,-0.2334660440683365,-0.11462026089429855,-0.5716119408607483,-0.2132912129163742,0.10220427066087723,-0.4820484519004822,-0.1401839256286621,-0.1709238737821579,-0.4758031368255615,-0.014766541309654713,0.13957685232162476,-0.24910596013069153,-0.22657696902751923,-0.22041752934455872,-0.3367215096950531,-0.09250929951667786,0.036367207765579224,-0.21085281670093536,-0.35008883476257324,-0.22452504932880402,-0.4516772925853729,-0.306686669588089,-0.004797547124326229,-0.18099863827228546,-0.37783294916152954,-0.20240744948387146,-0.4645301401615143,-0.34198197722435,-0.02196292020380497,-0.212543323636055,-0.3866870701313019,-0.20877397060394287,-0.494907945394516,-0.3324029743671417,0.017222072929143906,-0.21828056871891022,-0.35166895389556885,-0.21490132808685303,-0.4645361304283142,-0.3081657290458679,0.10813472419977188,-0.011685904115438461,-0.031105566769838333,-0.10798044502735138,0.010864507406949997,0.032377373427152634,0.17891010642051697,0.3961709439754486,0.13349075615406036,-0.143341526389122,0.3927236795425415,-0.036155469715595245,0.3851708173751831,0.5908502340316772,0.3828131854534149,-0.11442698538303375,0.7552340030670166,-0.0021412379574030638,0.41679370403289795,0.6228867769241333,0.39956969022750854,-0.1101868748664856,0.8010117411613464,-0.006994393188506365,0.44262537360191345,0.7093479037284851,0.3105729818344116,-0.16761140525341034,0.8877647519111633,-0.1254890114068985,7
0.07037851214408875,-0.5988707542419434,-0.24304278194904327,0.06606452167034149,-0.6389157176017761,-0.2270440012216568,0.06639159470796585,-0.6392159461975098,-0.2262447476387024,0.06582199037075043,-0.6401118636131287,-0.22613967955112457,0.03591088950634003,-0.6343795657157898,-0.2389814257621765,0.03647620975971222,-0.6354636549949646,-0.2396034598350525,0.03627968207001686,-0.6366117596626282,-0.2391163557767868,0.05678868293762207,-0.6430906057357788,-0.08855797350406647,-0.07160119712352753,-0.6301421523094177,-0.16657646000385284,0.07175444066524506,-0.5811008810997009,-0.19131629168987274,0.033282164484262466,-0.5763918161392212,-0.21192395687103271,0.10461119562387466,-0.48107555508613586,0.059414222836494446,-0.13954326510429382,-0.4643862843513489,-0.1490335464477539,0.15092125535011292,-0.33656927943229675,-0.028844119980931282,-0.18786917626857758,-0.23567214608192444,-0.2097385823726654,0.14541670680046082,-0.4668746590614319,-0.2626340389251709,-0.05431757867336273,-0.19242939352989197,-0.31701433658599854,0.13379384577274323,-0.4817569851875305,-0.3057970106601715,-0.005019612144678831,-0.16153036057949066,-0.34542375802993774,0.1265868991613388,-0.5035083293914795,-0.2974686622619629,0.0048505039885640144,-0.1976969987154007,-0.35257142782211304,0.135611429810524,-0.4758477509021759,-0.26584193110466003,-0.03599391132593155,-0.2017676681280136,-0.3187600076198578,0.07765757292509079,-0.011487334035336971,0.08881382644176483,-0.0779198706150055,0.010782544501125813,-0.08748328685760498,0.14812766015529633,0.365328848361969,0.22214680910110474,-0.05228925868868828,0.4093351364135742,-0.14299163222312927,0.16771775484085083,0.6549878120422363,0.3651171624660492,-0.1698145866394043,0.788835346698761,-0.18784861266613007,0.18444888293743134,0.698823094367981,0.37038126587867737,-0.1820492297410965,0.8374533653259277,-0.19831892848014832,0.3086013197898865,0.7594565153121948,0.3226395547389984,-0.11645682901144028,0.8969069719314575,-0.327657014131546,6
-0.06387979537248611,-0.6083865761756897,-0.24447603523731232,-0.059150926768779755,-0.6464069485664368,-0.23891493678092957,-0.05866190418601036,-0.6469718217849731,-0.23822633922100067,-0.058930523693561554,-0.6475327610969543,-0.2380734533071518,-0.09018877148628235,-0.6423200964927673,-0.22885482013225555,-0.0896054059267044,-0.6429879069328308,-0.22969557344913483,-0.08986518532037735,-0.6443101167678833,-0.228722482919693,0.010245753452181816,-0.6469804048538208,-0.14783278107643127,-0.1252831667661667,-0.6369267106056213,-0.11447559297084808,-0.03018120862543583,-0.5905095338821411,-0.21059417724609375,-0.07047832757234573,-0.5855288505554199,-0.1994221806526184,0.11956830322742462,-0.4724549353122711,-0.09665489196777344,-0.15620183944702148,-0.47117361426353455,-0.02197013981640339,0.14991413056850433,-0.2322617918252945,-0.15042878687381744,-0.1802675873041153,-0.3339119255542755,-0.08741705119609833,0.058004919439554214,-0.15534707903862,-0.2635168731212616,-0.15733854472637177,-0.4799131155014038,-0.25174811482429504,0.017609480768442154,-0.11042903363704681,-0.28868240118026733,-0.12910096347332,-0.4942135810852051,-0.2831723988056183,-0.005455234553664923,-0.1346660554409027,-0.30375346541404724,-0.14150945842266083,-0.5239530801773071,-0.2696920335292816,0.03683248534798622,-0.1560058742761612,-0.26680299639701843,-0.14923115074634552,-0.49359118938446045,-0.2504643499851227,0.11316557973623276,-0.011361959390342236,-0.01629485748708248,-0.11289338767528534,0.010562792420387268,0.017853323370218277,0.1512114554643631,0.40609410405158997,0.12507769465446472,-0.13090074062347412,0.39994969964027405,-0.04464209824800491,0.3502136170864105,0.5680887699127197,0.4069254994392395,-0.12125567346811295,0.7732834219932556,-0.04042001813650131,0.3790546953678131,0.5982289910316467,0.42719507217407227,-0.1185557097196579,0.8207617998123169,-0.04800961911678314,0.3929997980594635,0.6799067258834839,0.3468417227268219,-0.16431307792663574,0.907385528087616,-0.17312456667423248,7
-0.015775853767991066,-0.6341208219528198,-0.21151410043239594,-0.022150879725813866,-0.67226642370224,-0.1985418051481247,-0.021869530901312828,-0.67255038022995,-0.1978854537010193,-0.022302988916635513,-0.673170268535614,-0.19769525527954102,-0.05153253301978111,-0.6617093086242676,-0.2070021629333496,-0.05121862515807152,-0.6627432703971863,-0.2078356295824051,-0.05126498267054558,-0.6634633541107178,-0.20760920643806458,-0.022000499069690704,-0.6749279499053955,-0.06915807723999023,-0.15153172612190247,-0.637127161026001,-0.1305118054151535,-0.008710837922990322,-0.6159851551055908,-0.1626380831003189,-0.04625779017806053,-0.6044037938117981,-0.18064242601394653,0.057805441319942474,-0.5050969123840332,0.045004114508628845,-0.19308076798915863,-0.4547908306121826,-0.10730767995119095,0.11777300387620926,-0.3591137230396271,-0.06033029407262802,-0.18055295944213867,-0.2148754745721817,-0.18751440942287445,0.06822793930768967,-0.5213618874549866,-0.28405681252479553,-0.0722944587469101,-0.20201437175273895,-0.3087995946407318,0.0488131158053875,-0.5491157174110413,-0.3259872496128082,-0.023748649284243584,-0.18106679618358612,-0.33725273609161377,0.04586992785334587,-0.5708420276641846,-0.3236127495765686,-0.024429140612483025,-0.20999804139137268,-0.3398936688899994,0.05932798236608505,-0.5334178805351257,-0.2869203984737396,-0.05872825160622597,-0.21234284341335297,-0.3085777759552002,0.0822305977344513,-0.019938400015234947,0.08758769929409027,-0.08315186947584152,0.01924738846719265,-0.08609190583229065,0.14820227026939392,0.3566342890262604,0.22776159644126892,-0.021718045696616173,0.3872072100639343,-0.12158647924661636,0.226918563246727,0.6448594927787781,0.37865352630615234,-0.14581209421157837,0.741174578666687,-0.10976018756628036,0.24869151413440704,0.6862650513648987,0.3848717510700226,-0.1628926396369934,0.7879034876823425,-0.11419761925935745,0.3754163980484009,0.7153722643852234,0.3178617060184479,-0.12944908440113068,0.8581711053848267,-0.2350793033838272,6
-0.045649003237485886,-0.5992357730865479,-0.26016154885292053,-0.03727361932396889,-0.6373852491378784,-0.25417518615722656,-0.03675039857625961,-0.637924313545227,-0.25358641147613525,-0.03703140467405319,-0.6383591890335083,-0.25351694226264954,-0.06786283850669861,-0.6354823708534241,-0.2448626160621643,-0.06734621524810791,-0.6361042261123657,-0.24590589106082916,-0.06764029711484909,-0.6374378800392151,-0.24487005174160004,0.03077082708477974,-0.6356648206710815,-0.1626785695552826,-0.10442065447568893,-0.632169783115387,-0.13026738166809082,-0.013924541883170605,-0.5796485543251038,-0.22561880946159363,-0.05382956564426422,-0.5764819979667664,-0.21438318490982056,0.12300361692905426,-0.45916855335235596,-0.11210809648036957,-0.14151927828788757,-0.4716363847255707,-0.015325815416872501,0.1352420449256897,-0.21263201534748077,-0.1643812656402588,-0.19324558973312378,-0.32252293825149536,-0.08772490918636322,0.054197512567043304,-0.13884873688220978,-0.2739892303943634,-0.15126100182533264,-0.44822704792022705,-0.28211525082588196,0.018599888309836388,-0.10112374275922775,-0.29973849654197693,-0.11889401823282242,-0.46401140093803406,-0.31515955924987793,0.007431481499224901,-0.12394889444112778,-0.3156549632549286,-0.12689436972141266,-0.49678778648376465,-0.30269181728363037,0.03938913345336914,-0.1409941464662552,-0.2777184247970581,-0.13972093164920807,-0.46295347809791565,-0.2826051414012909,0.10893970727920532,-0.006798345595598221,-0.023347225040197372,-0.10878775268793106,0.0060320510528981686,0.024683095514774323,0.13036537170410156,0.4081425666809082,0.040936488658189774,-0.13505208492279053,0.39862072467803955,-0.019715530797839165,0.3198290467262268,0.590324878692627,0.31172633171081543,-0.08546625822782516,0.7576932907104492,0.0527573823928833,0.34589192271232605,0.6202605366706848,0.33175820112228394,-0.07891904562711716,0.8036496639251709,0.05085025727748871,0.35980424284935,0.7147220969200134,0.2522674798965454,-0.12958233058452606,0.889127254486084,-0.06445962935686111,7
-0.05709680914878845,-0.6135817170143127,-0.287541002035141,-0.06776896119117737,-0.6526564359664917,-0.2733873724937439,-0.06748668849468231,-0.6530636548995972,-0.27278369665145874,-0.06801427155733109,-0.6539286971092224,-0.27253878116607666,-0.0994333028793335,-0.6401339173316956,-0.27806177735328674,-0.09917469322681427,-0.6411620378494263,-0.2789713740348816,-0.09937489032745361,-0.6422688961029053,-0.27847400307655334,-0.04775487631559372,-0.6596112251281738,-0.14054900407791138,-0.1872754842042923,-0.6104429364204407,-0.18656238913536072,-0.03973694518208504,-0.5982175469398499,-0.23899683356285095,-0.08063769340515137,-0.5827990770339966,-0.2499217391014099,0.060728900134563446,-0.4996333718299866,-0.014928538352251053,-0.22479364275932312,-0.4333278238773346,-0.15828999876976013,0.1265120655298233,-0.3452553153038025,-0.15373773872852325,-0.26358920335769653,-0.20620781183242798,-0.24086487293243408,0.04936966300010681,-0.4741082191467285,-0.418003648519516,-0.1311505138874054,-0.16192704439163208,-0.39133986830711365,0.022549588233232498,-0.4917236864566803,-0.4692493677139282,-0.0754811018705368,-0.13305623829364777,-0.4252794086933136,0.008387181907892227,-0.5166799426078796,-0.45957863330841064,-0.06928259134292603,-0.1702117770910263,-0.4278380274772644,0.03445229306817055,-0.4852398931980133,-0.41987544298171997,-0.11077278107404709,-0.1734720766544342,-0.392791748046875,0.08821964263916016,-0.021130288019776344,0.07973789423704147,-0.08870160579681396,0.02055993489921093,-0.0786994993686676,0.17614582180976868,0.34909316897392273,0.23022012412548065,-0.031195273622870445,0.39307406544685364,-0.11717412620782852,0.2545895278453827,0.6356855034828186,0.37834733724594116,-0.14862583577632904,0.7517815232276917,-0.1075681820511818,0.2782178521156311,0.6758615970611572,0.38417738676071167,-0.16107061505317688,0.7974070906639099,-0.11225593835115433,0.3991202414035797,0.6991329789161682,0.3223920464515686,-0.1121978834271431,0.8781576156616211,-0.237371563911438,6
0.013538538478314877,-0.5883267521858215,-0.28365322947502136,0.026801859959959984,-0.6260455846786499,-0.27771517634391785,0.02749522589147091,-0.6265513300895691,-0.2771727740764618,0.0272030308842659,-0.6271851658821106,-0.2770323157310486,-0.005414953455328941,-0.6283760070800781,-0.2684009075164795,-0.004829223733395338,-0.6288400888442993,-0.26935437321662903,-0.004857342690229416,-0.6302462816238403,-0.26816171407699585,0.09766899049282074,-0.6201885342597961,-0.18021562695503235,-0.04405447095632553,-0.6351011991500854,-0.1495826244354248,0.04403650388121605,-0.5670926570892334,-0.24653670191764832,0.001965878764167428,-0.5696893930435181,-0.23496852815151215,0.18258355557918549,-0.4407670199871063,-0.11163429170846939,-0.1140793040394783,-0.4956953525543213,-0.051917944103479385,0.20063918828964233,-0.20196810364723206,-0.19543138146400452,-0.18615682423114777,-0.3661578595638275,-0.13470111787319183,0.10967373847961426,-0.14273232221603394,-0.35770153999328613,-0.13359911739826202,-0.46817347407341003,-0.3417136073112488,0.06581901758909225,-0.11102250218391418,-0.391580194234848,-0.1038438007235527,-0.47585758566856384,-0.3792951703071594,0.04665049538016319,-0.14405272901058197,-0.4019838273525238,-0.09915979206562042,-0.5059402585029602,-0.37146714329719543,0.08790583163499832,-0.14951267838478088,-0.36104393005371094,-0.11909929662942886,-0.4784914553165436,-0.3423846662044525,0.11286627501249313,-0.0024561937898397446,-0.014723163098096848,-0.11229147762060165,0.00156022806186229,0.016286859288811684,0.13854369521141052,0.39444196224212646,0.12924562394618988,-0.1407240778207779,0.3848443925380707,-0.06092537194490433,0.32387396693229675,0.5786495804786682,0.3994463086128235,-0.12788932025432587,0.7648298144340515,-0.051030270755290985,0.3522886335849762,0.6118812561035156,0.42048752307891846,-0.12750758230686188,0.8130778074264526,-0.057954058051109314,0.37571075558662415,0.7123830914497375,0.3464992642402649,-0.20219454169273376,0.8901689648628235,-0.18007314205169678,7
0.003772892989218235,-0.6179181337356567,-0.24645128846168518,-0.003965063951909542,-0.6563867330551147,-0.23208311200141907,-0.003663392970338464,-0.6567276120185852,-0.23130911588668823,-0.004156436771154404,-0.657461941242218,-0.23102210462093353,-0.03492520749568939,-0.6476647257804871,-0.24185439944267273,-0.03453493118286133,-0.6487334966659546,-0.24265673756599426,-0.03462645411491394,-0.6496907472610474,-0.24227774143218994,-0.003423817455768585,-0.6601373553276062,-0.09786809980869293,-0.13768039643764496,-0.6289132237434387,-0.1680372953414917,0.012068299576640129,-0.5998358726501465,-0.1960453987121582,-0.0284816175699234,-0.5900984406471252,-0.21593689918518066,0.07609787583351135,-0.49915626645088196,0.02646601013839245,-0.18716515600681305,-0.4493151605129242,-0.14053107798099518,0.12048089504241943,-0.35159724950790405,-0.0865001380443573,-0.18389174342155457,-0.21234995126724243,-0.19252054393291473,0.08865205943584442,-0.4902195334434509,-0.33656924962997437,-0.06741873919963837,-0.19463412463665009,-0.276244193315506,0.0671653002500534,-0.5117909908294678,-0.38456758856773376,-0.018814926967024803,-0.1761399358510971,-0.29653504490852356,0.06172255054116249,-0.5330923199653625,-0.3790074586868286,-0.019120553508400917,-0.20575065910816193,-0.30165010690689087,0.07765605300664902,-0.5008313655853271,-0.33971306681632996,-0.05331141874194145,-0.20537841320037842,-0.27549514174461365,0.09101075679063797,-0.01566881313920021,0.07865093648433685,-0.09151091426610947,0.01494345348328352,-0.07725878804922104,0.1555393636226654,0.36524543166160583,0.2636087238788605,-0.0986364334821701,0.39903002977371216,-0.09625829756259918,0.20860904455184937,0.6563838124275208,0.4571702182292938,-0.18473608791828156,0.7614722847938538,-0.10422702133655548,0.2293340116739273,0.699019193649292,0.4681492745876312,-0.19352084398269653,0.8074716329574585,-0.11222372204065323,0.3671305775642395,0.7378270030021667,0.40432098507881165,-0.14297540485858917,0.8716214299201965,-0.24924394488334656,6
0.04971487447619438,-0.6214824914932251,-0.2176358997821808,0.06044138967990875,-0.6572628617286682,-0.20283199846744537,0.06091577187180519,-0.657762885093689,-0.20220480859279633,0.060726866126060486,-0.6581906676292419,-0.20215274393558502,0.02785322442650795,-0.6585307121276855,-0.201004758477211,0.028476307168602943,-0.6592180132865906,-0.20191828906536102,0.028324075043201447,-0.6604556441307068,-0.20100699365139008,0.11060211062431335,-0.6401433944702148,-0.09368730336427689,-0.0316990502178669,-0.6503636837005615,-0.09707307070493698,0.07171879708766937,-0.595124363899231,-0.17867840826511383,0.029863422736525536,-0.5965237021446228,-0.17799252271652222,0.18779149651527405,-0.4460459053516388,-0.03294048085808754,-0.12389659881591797,-0.48495209217071533,-0.039799224585294724,0.18275992572307587,-0.20933207869529724,-0.09633560478687286,-0.1719786375761032,-0.33092838525772095,-0.14094401895999908,0.08812886476516724,-0.16716577112674713,-0.2454356551170349,-0.0756150409579277,-0.452984094619751,-0.3125675320625305,0.04783838987350464,-0.13783836364746094,-0.27332237362861633,-0.03427581489086151,-0.4691939651966095,-0.3476240336894989,0.0367450974881649,-0.16810242831707,-0.28623926639556885,-0.033611319959163666,-0.5064262747764587,-0.3325149118900299,0.071063332259655,-0.17350983619689941,-0.2489601969718933,-0.060748301446437836,-0.468877911567688,-0.3095977008342743,0.11680495738983154,-0.002013986697420478,0.0039877877570688725,-0.11660478264093399,0.0011788344709202647,-0.002550560748204589,0.16149944067001343,0.40326178073883057,0.07108523696660995,-0.11430913954973221,0.383992075920105,-0.08202570676803589,0.2992074489593506,0.6185523867607117,0.3417567014694214,-0.11493754386901855,0.7465081214904785,-0.052492570132017136,0.3196069300174713,0.653439462184906,0.36089038848876953,-0.11652868241071701,0.7934507131576538,-0.056625690311193466,0.34462159872055054,0.7267773747444153,0.27898579835891724,-0.1606646180152893,0.8631722927093506,-0.1831270456314087,7
-0.02145799621939659,-0.613328754901886,-0.26432234048843384,-0.02876288816332817,-0.6522669792175293,-0.2543834149837494,-0.028392262756824493,-0.6525241136550903,-0.253819078207016,-0.02881995029747486,-0.653141975402832,-0.2534714341163635,-0.06176786497235298,-0.6389358043670654,-0.26136693358421326,-0.06143302097916603,-0.6399105787277222,-0.2623797357082367,-0.06134841963648796,-0.6404520273208618,-0.26193076372146606,-0.01893940567970276,-0.667872965335846,-0.1225733608007431,-0.1555045247077942,-0.6188751459121704,-0.1788283884525299,-0.008541509509086609,-0.6011494398117065,-0.21267566084861755,-0.05007455125451088,-0.5864846110343933,-0.22848141193389893,0.06896762549877167,-0.5100658535957336,0.0047353231348097324,-0.1767151951789856,-0.44920602440834045,-0.13526548445224762,0.11095493286848068,-0.3363786041736603,-0.1012345552444458,-0.17163293063640594,-0.2026897668838501,-0.19932352006435394,0.08142092823982239,-0.4856037199497223,-0.3353610634803772,-0.07418816536664963,-0.1452009081840515,-0.3156658709049225,0.0658983513712883,-0.5079541206359863,-0.3815428912639618,-0.0286516472697258,-0.11417677253484726,-0.3395691215991974,0.06817517429590225,-0.5286597013473511,-0.38275888562202454,-0.027385905385017395,-0.13658146560192108,-0.3490599989891052,0.07576410472393036,-0.49755948781967163,-0.33927056193351746,-0.060809243470430374,-0.15176433324813843,-0.3176511228084564,0.08885682374238968,-0.01753506436944008,0.08044528216123581,-0.08973510563373566,0.016885990276932716,-0.0789819061756134,0.15295588970184326,0.3444291949272156,0.2519383132457733,-0.06478658318519592,0.3888273239135742,-0.08998683094978333,0.2175004631280899,0.6342509984970093,0.4358101189136505,-0.15248984098434448,0.7419055700302124,-0.04913298040628433,0.23672078549861908,0.6768537163734436,0.4460022449493408,-0.16375237703323364,0.7881404161453247,-0.05187748000025749,0.3640684485435486,0.7082318067550659,0.3673853278160095,-0.11915995180606842,0.8525856733322144,-0.18975940346717834,6
0.00140831945464015,-0.566301167011261,-0.345395565032959,0.01387046743184328,-0.6037753224372864,-0.33597493171691895,0.01456295233219862,-0.6044254899024963,-0.33525121212005615,0.0142554035410285,-0.6051552891731262,-0.33497363328933716,-0.01943175494670868,-0.6064739227294922,-0.32882094383239746,-0.01874925009906292,-0.6071309447288513,-0.3297417163848877,-0.018827497959136963,-0.6085062623023987,-0.32877644896507263,0.08027646690607071,-0.5934163928031921,-0.2315482795238495,-0.0648372620344162,-0.6093283891677856,-0.2140737771987915,0.029135657474398613,-0.5426122546195984,-0.3066750764846802,-0.014055310748517513,-0.5452394485473633,-0.2990763485431671,0.17595644295215607,-0.4134386479854584,-0.1425585299730301,-0.14317145943641663,-0.45976680517196655,-0.1313830316066742,0.20769883692264557,-0.1790371537208557,-0.26302847266197205,-0.2212010771036148,-0.3198491632938385,-0.24469377100467682,0.12049919366836548,-0.1424998790025711,-0.45792025327682495,-0.1379597783088684,-0.4266028106212616,-0.46039658784866333,0.08373117446899414,-0.11928185820579529,-0.4954747259616852,-0.09581313282251358,-0.4448757767677307,-0.49839743971824646,0.06332602351903915,-0.15173491835594177,-0.5008086562156677,-0.08538680523633957,-0.4759845733642578,-0.483195960521698,0.0988401547074318,-0.1500047743320465,-0.4606689512729645,-0.11795695126056671,-0.4388273358345032,-0.45579099655151367,0.11915590614080429,0.0037442639004439116,0.014746056869626045,-0.11873075366020203,-0.004613097757101059,-0.013480553403496742,0.1508503258228302,0.41424816846847534,0.13179028034210205,-0.12628936767578125,0.33835911750793457,-0.16721124947071075,0.289031058549881,0.5579754114151001,0.44780412316322327,-0.14207038283348083,0.6971835494041443,-0.1468595713376999,0.3134298622608185,0.5901728868484497,0.4734323024749756,-0.1458006501197815,0.7441936731338501,-0.15222826600074768,0.3685254752635956,0.6748781800270081,0.4016009271144867,-0.1768387258052826,0.8189234733581543,-0.28967779874801636,7
-0.0007415206637233496,-0.6053048372268677,-0.2828376591205597,-0.008761342614889145,-0.644721508026123,-0.27046194672584534,-0.008465376682579517,-0.6452104449272156,-0.26969873905181885,-0.008903738111257553,-0.6458839774131775,-0.2694148123264313,-0.03918725997209549,-0.6364819407463074,-0.2780826985836029,-0.038814861327409744,-0.6375423073768616,-0.2790086269378662,-0.03899959847331047,-0.6384584903717041,-0.2784740924835205,-0.00169869523961097,-0.654711127281189,-0.13762249052524567,-0.1390196830034256,-0.6224297881126404,-0.19523385167121887,0.006783104036003351,-0.5896705985069275,-0.23176173865795135,-0.03318130970001221,-0.5795177221298218,-0.24816490709781647,0.07809466868638992,-0.5001928210258484,-0.00927991047501564,-0.18844614923000336,-0.4488968551158905,-0.15639331936836243,0.13518068194389343,-0.35773414373397827,-0.10763034969568253,-0.24358755350112915,-0.22619551420211792,-0.23199786245822906,0.09901785850524902,-0.5162554383277893,-0.33394891023635864,-0.129367858171463,-0.19671694934368134,-0.36244553327560425,0.08266628533601761,-0.5442866683006287,-0.37678828835487366,-0.08406689018011093,-0.17856259644031525,-0.38614770770072937,0.08236156404018402,-0.564667820930481,-0.3733111023902893,-0.07393348962068558,-0.20733951032161713,-0.38898661732673645,0.09166762232780457,-0.5280925035476685,-0.3372570872306824,-0.11160536110401154,-0.20641112327575684,-0.36195582151412964,0.09176326543092728,-0.01953103393316269,0.07992225140333176,-0.09207091480493546,0.018883613869547844,-0.07870195060968399,0.18538838624954224,0.32156243920326233,0.25854992866516113,-0.0823257640004158,0.3610842823982239,-0.06200162693858147,0.25185877084732056,0.5731343030929565,0.49393734335899353,-0.18147504329681396,0.6809775233268738,0.015302952378988266,0.2736610472202301,0.6121395826339722,0.5102420449256897,-0.1912745237350464,0.7238176465034485,0.016653764992952347,0.4109037220478058,0.6540132761001587,0.45181217789649963,-0.1374714970588684,0.8003559112548828,-0.11161308735609055,6
-0.2156549096107483,-0.5812258720397949,-0.25065475702285767,-0.20807459950447083,-0.6205011606216431,-0.2642579972743988,-0.2076721042394638,-0.6207712888717651,-0.2635732591152191,-0.2080124020576477,-0.6213937997817993,-0.26327067613601685,-0.22710900008678436,-0.6154236197471619,-0.23976123332977295,-0.22665078938007355,-0.6163092851638794,-0.24076856672763824,-0.22725296020507812,-0.6175631880760193,-0.23984995484352112,-0.10783136636018753,-0.6305035948753357,-0.2362566590309143,-0.19256693124771118,-0.6167590618133545,-0.14314475655555725,-0.16880027949810028,-0.5670070052146912,-0.24052399396896362,-0.19334709644317627,-0.5614418983459473,-0.2110130935907364,0.04203684255480766,-0.45406675338745117,-0.20699545741081238,-0.18162356317043304,-0.4585506319999695,-0.03634776920080185,0.03190450370311737,-0.19631001353263855,-0.1964840590953827,-0.24389810860157013,-0.3256133496761322,-0.033798620104789734,-0.12933439016342163,-0.14232224225997925,-0.16154810786247253,-0.2722761034965515,-0.46015456318855286,-0.1260087937116623,-0.18132992088794708,-0.10164107382297516,-0.16791342198848724,-0.26131144165992737,-0.47600650787353516,-0.14101919531822205,-0.19784826040267944,-0.13427923619747162,-0.17768830060958862,-0.27377426624298096,-0.49890950322151184,-0.12871824204921722,-0.14800356328487396,-0.1487506479024887,-0.15833310782909393,-0.2680937945842743,-0.4721423089504242,-0.12471388280391693,0.10265177488327026,-0.007652324624359608,-0.03830133005976677,-0.10287366062402725,0.006957466248422861,0.039386145770549774,0.13899637758731842,0.3917604088783264,0.0852309912443161,-0.18002282083034515,0.39447513222694397,-0.008317284286022186,0.35722342133522034,0.5085734724998474,0.37726324796676636,-0.1665692925453186,0.7498065829277039,0.0444893054664135,0.38752812147140503,0.5335909128189087,0.39987337589263916,-0.166213259100914,0.7960323691368103,0.043722204864025116,0.3963847756385803,0.6407424807548523,0.33598634600639343,-0.22397127747535706,0.8855149149894714,-0.05412512272596359,7

0.40577179193496704,-0.44194847345352173,-0.2448507845401764,0.4111948609352112,-0.480502188205719,-0.22643929719924927,0.4117308557033539,-0.4807056784629822,-0.22563056647777557,0.41178351640701294,-0.4814906418323517,-0.22591915726661682,0.3862121105194092,-0.48613137006759644,-0.2450563758611679,0.3871469795703888,-0.48669129610061646,-0.24591094255447388,0.38757413625717163,-0.48783373832702637,-0.2452710121870041,0.39185571670532227,-0.4930711090564728,-0.09423848241567612,0.27089089155197144,-0.5229448080062866,-0.19207973778247833,0.3919588029384613,-0.42507556080818176,-0.1983034759759903,0.3582027852535248,-0.43363723158836365,-0.22448119521141052,0.348012775182724,-0.33662810921669006,0.04605664312839508,0.17621637880802155,-0.3790985941886902,-0.22246359288692474,0.3685828745365143,-0.16590218245983124,-0.06830742955207825,0.30514290928840637,-0.19352266192436218,-0.2103142887353897,0.40411216020584106,-0.3179417550563812,-0.28305086493492126,0.41264835000038147,-0.32898083329200745,-0.1008177250623703,0.40777936577796936,-0.3479210436344147,-0.318222314119339,0.4393627643585205,-0.35127097368240356,-0.10551558434963226,0.3854988217353821,-0.38128018379211426,-0.29863470792770386,0.4058131277561188,-0.38653647899627686,-0.11892522871494293,0.38854682445526123,-0.33764946460723877,-0.2821051776409149,0.4038729667663574,-0.34919294714927673,-0.10369065403938293,0.07173587381839752,0.015145410783588886,0.09498339891433716,-0.07145097106695175,-0.015655377879738808,-0.09353004395961761,0.24988602101802826,0.26394984126091003,0.07815517485141754,0.11323414742946625,0.3077213764190674,-0.2751196324825287,0.15651921927928925,0.5653820037841797,0.20017273724079132,0.01907181181013584,0.6954305768013,-0.3094603419303894,0.15159845352172852,0.6116155982017517,0.20329059660434723,0.0071723381988704205,0.7453498840332031,-0.31737759709358215,0.24534787237644196,0.6827495694160461,0.16518081724643707,0.08553213626146317,0.7906025648117065,-0.4278850257396698,8
-0.030381547287106514,-0.6061320304870605,-0.1557028591632843,-0.025321725755929947,-0.6461969614028931,-0.13822156190872192,-0.024895723909139633,-0.6468464136123657,-0.13731816411018372,-0.02529841847717762,-0.6472648978233337,-0.1371290236711502,-0.05706934630870819,-0.6418333649635315,-0.13929595053195953,-0.05640576779842377,-0.642517626285553,-0.14013952016830444,-0.05670389533042908,-0.6436485648155212,-0.139303058385849,0.02262682095170021,-0.643043041229248,-0.022326260805130005,-0.12599506974220276,-0.6311639547348022,-0.04028365761041641,-0.006705373525619507,-0.5848230123519897,-0.11390584707260132,-0.049262601882219315,-0.5798793435096741,-0.11650661379098892,0.12496822327375412,-0.4933274984359741,0.02658926323056221,-0.19069260358810425,-0.4529677927494049,-0.01767800748348236,0.1614098846912384,-0.3122265636920929,-0.10762766003608704,-0.22688144445419312,-0.3098694384098053,-0.20426584780216217,0.12883397936820984,-0.28752559423446655,-0.2972831130027771,-0.14847597479820251,-0.4621332287788391,-0.3930712640285492,0.11546314507722855,-0.2710326313972473,-0.33242955803871155,-0.10650817304849625,-0.4999082088470459,-0.424833208322525,0.08921697735786438,-0.2927485406398773,-0.3348141312599182,-0.10649976134300232,-0.5371602177619934,-0.40517961978912354,0.11170297116041183,-0.2896632254123688,-0.2988435924053192,-0.1342610865831375,-0.48142504692077637,-0.38658207654953003,0.10967623442411423,0.010085075162351131,0.028853895142674446,-0.10966254770755768,-0.010703273117542267,-0.027667948976159096,0.13704617321491241,0.40555503964424133,-0.0036290972493588924,-0.07903542369604111,0.1314474493265152,-0.321787565946579,-0.02201760932803154,0.36023175716400146,0.32409989833831787,-0.0430966280400753,0.4878566861152649,-0.31166452169418335,-0.02988172136247158,0.36578768491744995,0.35497668385505676,-0.041439179331064224,0.5317087769508362,-0.311670184135437,-0.009330140426754951,0.4440247118473053,0.355613112449646,-0.022382337599992752,0.6134531497955322,-0.41679611802101135,9
0.40335899591445923,-0.4128830134868622,-0.2063136100769043,0.41504141688346863,-0.4508765935897827,-0.19073578715324402,0.4154854714870453,-0.45102572441101074,-0.18997928500175476,0.4155918061733246,-0.4517464339733124,-0.19041602313518524,0.3886476159095764,-0.4582745134830475,-0.21028350293636322,0.3896656334400177,-0.458893746137619,-0.21116279065608978,0.3899819552898407,-0.4601254463195801,-0.2104186862707138,0.396843284368515,-0.4705083966255188,-0.0580105260014534,0.2829389274120331,-0.5130837559700012,-0.16787713766098022,0.39129358530044556,-0.40102633833885193,-0.15929874777793884,0.3576301038265228,-0.41261833906173706,-0.18825192749500275,0.3424110412597656,-0.34525054693222046,0.07113359868526459,0.1775573343038559,-0.39193204045295715,-0.1994689702987671,0.38004428148269653,-0.2027011215686798,-0.04602847993373871,0.29580026865005493,-0.21736186742782593,-0.18702547252178192,0.4280814826488495,-0.3498508334159851,-0.2372780442237854,0.4067891538143158,-0.299214243888855,-0.05838592350482941,0.4311530888080597,-0.37709808349609375,-0.2682901918888092,0.4360675811767578,-0.3126019537448883,-0.05475008115172386,0.3974655866622925,-0.4119343161582947,-0.24568268656730652,0.40455248951911926,-0.3428904116153717,-0.06412142515182495,0.4080936908721924,-0.36804714798927307,-0.23303085565567017,0.39888861775398254,-0.3148934841156006,-0.05837354063987732,0.07056344300508499,0.01967950165271759,0.09537952393293381,-0.07026946544647217,-0.02021479792892933,-0.09381827712059021,0.24810117483139038,0.21127471327781677,0.0324777327477932,0.10405391454696655,0.23021487891674042,-0.3366472125053406,0.06429961323738098,0.4304351210594177,0.15491889417171478,0.01627470925450325,0.6137963533401489,-0.37143099308013916,0.04762563481926918,0.46670418977737427,0.1599607616662979,0.00518650421872735,0.6620984673500061,-0.3769303262233734,0.08898279815912247,0.5486307144165039,0.13141576945781708,0.08119472861289978,0.7129147052764893,-0.4850974678993225,8
-0.038596510887145996,-0.5766014456748962,-0.13764147460460663,-0.03215537220239639,-0.617438018321991,-0.1249421164393425,-0.031751472502946854,-0.6179837584495544,-0.12394355237483978,-0.03217461332678795,-0.6183091998100281,-0.12380678951740265,-0.06341133266687393,-0.6141765713691711,-0.12259908765554428,-0.06279386579990387,-0.6148037910461426,-0.12337982654571533,-0.0631706565618515,-0.6159202456474304,-0.12251468747854233,0.026741232722997665,-0.6215767860412598,-0.019612552598118782,-0.1170748844742775,-0.6140536069869995,-0.01900302991271019,-0.010836716741323471,-0.5589612126350403,-0.09761830419301987,-0.0527816005051136,-0.5548730492591858,-0.09508541971445084,0.13538935780525208,-0.4804263710975647,0.026633551344275475,-0.17616237699985504,-0.4485186040401459,0.011384818702936172,0.1592767834663391,-0.30005496740341187,-0.1095634251832962,-0.22325961291790009,-0.2956925332546234,-0.1480076164007187,0.09984812140464783,-0.27253076434135437,-0.29220128059387207,-0.15906605124473572,-0.44824203848838806,-0.3475379943847656,0.08106591552495956,-0.2531532943248749,-0.32604995369911194,-0.12061827629804611,-0.4853768050670624,-0.3798133432865143,0.061056725680828094,-0.2784043550491333,-0.3293745517730713,-0.12083481252193451,-0.5222786068916321,-0.3648654520511627,0.0841171145439148,-0.2746557593345642,-0.29356980323791504,-0.14506976306438446,-0.4678340256214142,-0.34366175532341003,0.1085750162601471,0.012954629957675934,0.020992062985897064,-0.1086401641368866,-0.013497921638190746,-0.01979427970945835,0.11138459295034409,0.3996719419956207,-0.022876085713505745,-0.08588521927595139,0.1389549970626831,-0.33146724104881287,-0.03991261497139931,0.35261327028274536,0.2789282500743866,-0.07744644582271576,0.501749575138092,-0.33679327368736267,-0.04691045358777046,0.35732313990592957,0.3073709309101105,-0.07851545512676239,0.5456807613372803,-0.3369339108467102,-0.03207114711403847,0.42581018805503845,0.29111889004707336,-0.05714745447039604,0.6130373477935791,-0.45201149582862854,9
0.39829614758491516,-0.42020803689956665,-0.19368551671504974,0.4112635850906372,-0.45622774958610535,-0.1713150292634964,0.4116867780685425,-0.45628711581230164,-0.17034189403057098,0.41188177466392517,-0.45696526765823364,-0.17101740837097168,0.37937676906585693,-0.4665485918521881,-0.18458148837089539,0.3803384304046631,-0.4669947624206543,-0.18550996482372284,0.3807738423347473,-0.4681687355041504,-0.18470467627048492,0.411834180355072,-0.4610230326652527,-0.02231755666434765,0.2723628580570221,-0.5134447813034058,-0.10944078117609024,0.3952251970767975,-0.3999776244163513,-0.14253289997577667,0.35311105847358704,-0.41512736678123474,-0.1636388599872589,0.3580833971500397,-0.32741671800613403,0.10534296184778214,0.19161483645439148,-0.36778318881988525,-0.1471898853778839,0.3875155746936798,-0.1612221747636795,-0.02971465140581131,0.3101775646209717,-0.1965860277414322,-0.1218068078160286,0.3790868818759918,-0.2643096148967743,-0.25177422165870667,0.4334867298603058,-0.2567712962627411,0.013074594549834728,0.3700951039791107,-0.2792651951313019,-0.2876640558242798,0.4689573347568512,-0.2657988965511322,0.01259523443877697,0.33017534017562866,-0.322689414024353,-0.2651708722114563,0.43895238637924194,-0.3025915324687958,0.0006294114864431322,0.35359203815460205,-0.2844400703907013,-0.24769538640975952,0.4265393614768982,-0.2740696668624878,0.011363741010427475,0.0675775483250618,0.023652788251638412,0.0970199927687645,-0.06718612462282181,-0.023928608745336533,-0.09552688896656036,0.24943409860134125,0.22157876193523407,0.004029487259685993,0.08383969217538834,0.23721472918987274,-0.32202717661857605,0.02363044209778309,0.44759583473205566,0.09931084513664246,-0.022128500044345856,0.6361820101737976,-0.35574543476104736,-0.000452190957730636,0.4842555522918701,0.10095737129449844,-0.035845063626766205,0.6874189972877502,-0.3596499562263489,0.026165373623371124,0.5748679637908936,0.06756385415792465,0.036681074649095535,0.7503276467323303,-0.4610198140144348,8
-0.016068097203969955,-0.6046284437179565,-0.13692621886730194,-0.007678607944399118,-0.6434597969055176,-0.1195998415350914,-0.007172481622546911,-0.6440016031265259,-0.11866753548383713,-0.007576153613626957,-0.6444702744483948,-0.11843787133693695,-0.039376500993967056,-0.6409201622009277,-0.11611278355121613,-0.03861405700445175,-0.641547441482544,-0.11691507697105408,-0.03884145990014076,-0.6426644921302795,-0.11607270687818527,0.054366227239370346,-0.6322545409202576,-0.014009566977620125,-0.08860918879508972,-0.6298507452011108,-0.011782838962972164,0.011501092463731766,-0.5799869298934937,-0.0995175838470459,-0.030596407130360603,-0.5772980451583862,-0.09614872932434082,0.15458521246910095,-0.46509891748428345,0.0074720061384141445,-0.15735870599746704,-0.4609723687171936,0.013559982180595398,0.14402364194393158,-0.278877317905426,-0.1489122062921524,-0.21028955280780792,-0.3235369622707367,-0.15676218271255493,0.08567450195550919,-0.2799423635005951,-0.33830833435058594,-0.1434335857629776,-0.4669504463672638,-0.36746522784233093,0.06312227994203568,-0.2654708921909332,-0.37330159544944763,-0.10705406218767166,-0.5003989338874817,-0.4010851979255676,0.046003732830286026,-0.29234766960144043,-0.3774588704109192,-0.10548565536737442,-0.5367342233657837,-0.38468748331069946,0.07131921499967575,-0.2855076193809509,-0.3399313688278198,-0.12858065962791443,-0.4845890700817108,-0.3635530173778534,0.10636141896247864,0.01941210776567459,0.02184411883354187,-0.10625213384628296,-0.01987965777516365,-0.020818086341023445,0.07619579136371613,0.39159059524536133,-0.0031004557386040688,-0.0512482151389122,0.1254166215658188,-0.3408887982368469,-0.03124692291021347,0.32261335849761963,0.31949976086616516,-0.05633307993412018,0.4891825020313263,-0.3531820774078369,-0.034455034881830215,0.32758045196533203,0.34884023666381836,-0.061389777809381485,0.5351230502128601,-0.35477325320243835,-0.012572751380503178,0.40421971678733826,0.3322080373764038,-0.05317696928977966,0.6081713438034058,-0.47499901056289673,9
0.4523027539253235,-0.3973337411880493,-0.18000395596027374,0.4676702916622162,-0.43163520097732544,-0.16398079693317413,0.46817201375961304,-0.431793212890625,-0.16318675875663757,0.4682868719100952,-0.4325235188007355,-0.16364631056785583,0.44535595178604126,-0.4422825276851654,-0.1815139353275299,0.4463534951210022,-0.4428984522819519,-0.18243905901908875,0.446952223777771,-0.4439709484577179,-0.18157245218753815,0.4439550042152405,-0.4429762661457062,-0.03667330741882324,0.35124471783638,-0.49978792667388916,-0.13567793369293213,0.4344814419746399,-0.38516783714294434,-0.1339748501777649,0.40641239285469055,-0.40036603808403015,-0.16040128469467163,0.38226431608200073,-0.321537047624588,0.09443600475788116,0.2210201770067215,-0.3917827606201172,-0.17768099904060364,0.44046854972839355,-0.1796533763408661,0.009487506002187729,0.2845362424850464,-0.19451230764389038,-0.21856673061847687,0.5078220367431641,-0.30052927136421204,-0.17222031950950623,0.395701140165329,-0.1849777102470398,-0.1630469262599945,0.5119472146034241,-0.3173292577266693,-0.20061898231506348,0.4206147789955139,-0.16524730622768402,-0.16998325288295746,0.4994073212146759,-0.34837785363197327,-0.18838542699813843,0.408031165599823,-0.18780812621116638,-0.17381907999515533,0.4979693293571472,-0.31731417775154114,-0.17133674025535583,0.39483368396759033,-0.18915073573589325,-0.16203375160694122,0.06147284060716629,0.018794091418385506,0.10291626304388046,-0.061297737061977386,-0.01911761611700058,-0.10149762779474258,0.24149398505687714,0.2620725631713867,0.10325444489717484,0.11704050749540329,0.298617959022522,-0.22395382821559906,0.06075936183333397,0.5529230833053589,0.1844792664051056,0.04998655244708061,0.6856867671012878,-0.2906467616558075,0.045019589364528656,0.5960595607757568,0.18318568170070648,0.044878795742988586,0.7339624166488647,-0.30176305770874023,0.11349153518676758,0.6690828800201416,0.14842763543128967,0.15437713265419006,0.7645955681800842,-0.4042026996612549,8
-0.07564051449298859,-0.5377132296562195,-0.17783525586128235,-0.07316132634878159,-0.5789613127708435,-0.1712144911289215,-0.07277784496545792,-0.5794572830200195,-0.17032507061958313,-0.07331006973981857,-0.5799435377120972,-0.169911727309227,-0.10283156484365463,-0.5760034322738647,-0.16533462703227997,-0.10220667719841003,-0.5766214728355408,-0.16617049276828766,-0.1027061715722084,-0.5777413249015808,-0.16540583968162537,-0.010911600664258003,-0.590168833732605,-0.07485081255435944,-0.1486290693283081,-0.5823707580566406,-0.060902804136276245,-0.045834872871637344,-0.5224243402481079,-0.1388130784034729,-0.08640025556087494,-0.5184440016746521,-0.13246272504329681,0.1091739609837532,-0.46775516867637634,0.0002909306203946471,-0.19355882704257965,-0.4299499988555908,0.008024603128433228,0.1483033448457718,-0.266874760389328,-0.07052164524793625,-0.2672954797744751,-0.26032528281211853,-0.09635050594806671,0.11046230047941208,-0.20273326337337494,-0.23713459074497223,-0.19385799765586853,-0.4073463976383209,-0.30217063426971436,0.09257151186466217,-0.1766652911901474,-0.2673841416835785,-0.14753559231758118,-0.4482214152812958,-0.3361234664916992,0.07276195287704468,-0.20294256508350372,-0.2754068374633789,-0.14671799540519714,-0.4922495186328888,-0.3217471241950989,0.09632793813943863,-0.20612181723117828,-0.23926404118537903,-0.17648270726203918,-0.4331231713294983,-0.29768598079681396,0.1084064245223999,0.006829529535025358,0.012235616333782673,-0.10850098729133606,-0.007420182693749666,-0.010934420861303806,0.09191692620515823,0.3530139625072479,0.04754144325852394,-0.0817609578371048,0.1517212986946106,-0.3619994819164276,0.0009161621564999223,0.34480714797973633,0.376892626285553,-0.039658889174461365,0.5264379978179932,-0.3441849648952484,0.0005549529450945556,0.3562581241130829,0.40678662061691284,-0.03751565143465996,0.5728988647460938,-0.3431483507156372,0.01879342645406723,0.4313417375087738,0.3588740825653076,-0.02873200736939907,0.629292368888855,-0.4839443862438202,9
0.36699914932250977,-0.44467249512672424,-0.2091386765241623,0.3801571726799011,-0.48317456245422363,-0.19100883603096008,0.38065919280052185,-0.4833126962184906,-0.19010958075523376,0.38088592886924744,-0.4838380813598633,-0.190608948469162,0.3492387533187866,-0.49105456471443176,-0.20292265713214874,0.350151926279068,-0.4914655089378357,-0.20392094552516937,0.3506518602371216,-0.49257636070251465,-0.2032463252544403,0.39237192273139954,-0.48499757051467896,-0.05906913802027702,0.2628885805606842,-0.5365322828292847,-0.1293882429599762,0.36729270219802856,-0.4268774688243866,-0.1610073298215866,0.3270684778690338,-0.43953534960746765,-0.17590932548046112,0.37476515769958496,-0.34007447957992554,0.06684812158346176,0.14947257936000824,-0.41244956851005554,-0.15995170176029205,0.39729222655296326,-0.19899843633174896,-0.06497739255428314,0.23377682268619537,-0.22045861184597015,-0.17490510642528534,0.37675270438194275,-0.25704628229141235,-0.29987937211990356,0.34707775712013245,-0.27925539016723633,-0.07765614241361618,0.3689195513725281,-0.2586861550807953,-0.3449286222457886,0.37529194355010986,-0.290485680103302,-0.0866754800081253,0.33681976795196533,-0.2975054383277893,-0.33220794796943665,0.3556249439716339,-0.32775017619132996,-0.09714166820049286,0.3550487756729126,-0.27167102694511414,-0.30168411135673523,0.34347003698349,-0.2959967851638794,-0.08015798777341843,0.07450222223997116,0.027707530185580254,0.09119158238172531,-0.07427143305540085,-0.027862755581736565,-0.08998126536607742,0.2102496474981308,0.2966262996196747,0.009464474394917488,0.08489689975976944,0.32702216506004333,-0.23520976305007935,0.061748407781124115,0.5976506471633911,0.08270616829395294,0.03402386233210564,0.716890811920166,-0.2841044068336487,0.05116788670420647,0.6422526836395264,0.08139371126890182,0.029488058760762215,0.7666319608688354,-0.2930762767791748,0.12255354970693588,0.7143481969833374,0.03912306949496269,0.12308616936206818,0.8020047545433044,-0.39268532395362854,8
0.013525789603590965,-0.5635601878166199,-0.20063035190105438,0.0199536494910717,-0.6050856709480286,-0.1908472329378128,0.020424505695700645,-0.6056988835334778,-0.19004063308238983,0.020029036328196526,-0.6062499284744263,-0.18983519077301025,-0.012596377171576023,-0.6035499572753906,-0.18965354561805725,-0.011776790022850037,-0.6043350100517273,-0.19037047028541565,-0.011948330327868462,-0.6054791808128357,-0.1895138919353485,0.07250292599201202,-0.6190016865730286,-0.07930959016084671,-0.07230032980442047,-0.6157093644142151,-0.08512065559625626,0.03793071210384369,-0.548513650894165,-0.15670715272426605,-0.004837778862565756,-0.5464809536933899,-0.15523114800453186,0.17796891927719116,-0.4796891510486603,0.015583882108330727,-0.1462818831205368,-0.4654739201068878,-0.035528384149074554,0.2016589492559433,-0.26874569058418274,-0.07917512953281403,-0.19126208126544952,-0.25674310326576233,-0.174252450466156,0.17392630875110626,-0.2286016345024109,-0.286601722240448,-0.09917038679122925,-0.353523850440979,-0.4103125333786011,0.1531117856502533,-0.20132866501808167,-0.3259400725364685,-0.058226414024829865,-0.3755623698234558,-0.451664000749588,0.12934572994709015,-0.2298191785812378,-0.3360803425312042,-0.055216070264577866,-0.41711145639419556,-0.44590404629707336,0.1571861207485199,-0.2336355447769165,-0.2912819981575012,-0.08208713680505753,-0.3720931112766266,-0.4094475507736206,0.1088891476392746,0.019094714894890785,0.0396331362426281,-0.10876660794019699,-0.019663918763399124,-0.03841983899474144,0.08680669218301773,0.4229933023452759,0.0836159884929657,-0.057300467044115067,0.2645772397518158,-0.24516282975673676,-0.06309297680854797,0.37819042801856995,0.4227502942085266,-0.045925118029117584,0.6135560870170593,-0.264565646648407,-0.07226436585187912,0.3863525092601776,0.4524345099925995,-0.04714718461036682,0.6570121645927429,-0.2692820429801941,-0.04180365055799484,0.4817947745323181,0.44306427240371704,-0.029498714953660965,0.7304108142852783,-0.3953339159488678,9
0.38889172673225403,-0.4434095621109009,-0.17802157998085022,0.40847906470298767,-0.4760320484638214,-0.15950319170951843,0.40906858444213867,-0.47621485590934753,-0.15872663259506226,0.40927693247795105,-0.4767662286758423,-0.15912924706935883,0.3795735239982605,-0.48926857113838196,-0.17237307131290436,0.38046371936798096,-0.4896983206272125,-0.17315000295639038,0.38101860880851746,-0.4908057451248169,-0.17252469062805176,0.409332275390625,-0.4749816060066223,-0.024484513327479362,0.2922430634498596,-0.5428193807601929,-0.09994753450155258,0.3868224620819092,-0.42556777596473694,-0.1292182356119156,0.3482356667518616,-0.44450488686561584,-0.14788351953029633,0.372290700674057,-0.3475114703178406,0.09113859385251999,0.1671418994665146,-0.44213709235191345,-0.13300658762454987,0.3502640724182129,-0.24587972462177277,-0.039778437465429306,0.16003388166427612,-0.26772403717041016,-0.2550254166126251,0.3466545045375824,-0.27941009402275085,-0.2568823993206024,0.2883213460445404,-0.16827118396759033,-0.29442691802978516,0.33746498823165894,-0.2637932002544403,-0.29298311471939087,0.32057204842567444,-0.12460608780384064,-0.318866103887558,0.3280390202999115,-0.28893160820007324,-0.2905641198158264,0.3411408066749573,-0.1470508873462677,-0.3181985914707184,0.3343829810619354,-0.2854516804218292,-0.26140350103378296,0.3009389638900757,-0.16625458002090454,-0.2934589385986328,0.07207866758108139,0.02631334587931633,0.09601689875125885,-0.07174640893936157,-0.02648073248565197,-0.09474341571331024,0.2144848257303238,0.31940901279449463,0.020497648045420647,0.09200838953256607,0.32261040806770325,-0.23612551391124725,0.002853300189599395,0.59335857629776,0.07447570562362671,0.010395695455372334,0.7041538953781128,-0.272190123796463,-0.016643498092889786,0.6346410512924194,0.07235978543758392,0.0014324374496936798,0.7538337111473083,-0.28040650486946106,0.04407485947012901,0.7328276634216309,0.033166538923978806,0.09019464999437332,0.8051953315734863,-0.3822996914386749,8
-0.009870477952063084,-0.499511182308197,-0.20199312269687653,-0.0022578164935112,-0.5453189015388489,-0.20108970999717712,-0.001830799737945199,-0.5458651185035706,-0.2002493292093277,-0.0022984009701758623,-0.5463898777961731,-0.1998281031847,-0.03339393064379692,-0.5405161380767822,-0.19655485451221466,-0.032684892416000366,-0.5411896705627441,-0.19725766777992249,-0.033024586737155914,-0.5422391891479492,-0.19650176167488098,0.05803826451301575,-0.5848391652107239,-0.09894094616174698,-0.0841677114367485,-0.5738584995269775,-0.08806473761796951,0.017910515889525414,-0.49655982851982117,-0.15765568614006042,-0.023801907896995544,-0.4911258816719055,-0.15198001265525818,0.16429920494556427,-0.4700709581375122,0.006409022957086563,-0.14520688354969025,-0.4482814073562622,-0.008907333947718143,0.1659068465232849,-0.2389310598373413,-0.06216084957122803,-0.16540905833244324,-0.23077107965946198,-0.10529522597789764,0.14526571333408356,-0.21326008439064026,-0.24195536971092224,-0.11186018586158752,-0.35944899916648865,-0.3248040974140167,0.1331329196691513,-0.19654764235019684,-0.2738613486289978,-0.07934405654668808,-0.3941468298435211,-0.35862740874290466,0.1284499317407608,-0.22415809333324432,-0.2826178967952728,-0.09133404493331909,-0.4339769184589386,-0.3579927682876587,0.13636775314807892,-0.2203366905450821,-0.24579472839832306,-0.10167937725782394,-0.3822011351585388,-0.32633793354034424,0.10458244383335114,0.013444460928440094,0.02831175923347473,-0.10457178205251694,-0.014148849993944168,-0.027045486494898796,0.03575357422232628,0.39067718386650085,0.07554760575294495,-0.050372522324323654,0.19928784668445587,-0.2993372976779938,-0.08298288285732269,0.329703688621521,0.377888947725296,-0.03167584165930748,0.5760048031806946,-0.32038700580596924,-0.08897590637207031,0.336910605430603,0.40566956996917725,-0.03310112655162811,0.6231827139854431,-0.3236578106880188,-0.06412620842456818,0.41704559326171875,0.3775973320007324,-0.012446021661162376,0.6849507689476013,-0.46175259351730347,9
0.43117818236351013,-0.37043145298957825,-0.16528372466564178,0.45131173729896545,-0.40066999197006226,-0.14566649496555328,0.45160922408103943,-0.4008307158946991,-0.14464443922042847,0.45182886719703674,-0.4016512930393219,-0.14491477608680725,0.42557889223098755,-0.4134339392185211,-0.1623181849718094,0.42668643593788147,-0.41381415724754333,-0.16289323568344116,0.4272023141384125,-0.414982408285141,-0.16178745031356812,0.44676029682159424,-0.4144594371318817,-0.004932669457048178,0.33691200613975525,-0.47986945509910583,-0.09819277375936508,0.420505166053772,-0.3601702153682709,-0.11405856162309647,0.38692009449005127,-0.3781563639640808,-0.140447199344635,0.3545055687427521,-0.31884637475013733,0.17514517903327942,0.2577309012413025,-0.3429199755191803,-0.13149671256542206,0.3686729371547699,-0.16174809634685516,0.21553030610084534,0.3394032418727875,-0.1504085212945938,-0.07405725121498108,0.4500609338283539,-0.2054160237312317,0.14314831793308258,0.45476019382476807,-0.238770991563797,0.07742487639188766,0.45382246375083923,-0.20425647497177124,0.13263414800167084,0.4807417690753937,-0.24551214277744293,0.0882415771484375,0.448134183883667,-0.233663409948349,0.1453162282705307,0.4575515389442444,-0.2748642861843109,0.0738566517829895,0.4432063698768616,-0.2178168147802353,0.14545780420303345,0.44858136773109436,-0.25371041893959045,0.07783016562461853,0.048139553517103195,0.02097899094223976,0.10521154850721359,-0.04779736325144768,-0.021474309265613556,-0.10358040034770966,0.21015794575214386,0.23778626322746277,0.05830197408795357,0.05627445876598358,0.2862851321697235,-0.23403358459472656,-0.008772800676524639,0.5404085516929626,0.08062156289815903,-0.06035473197698593,0.6857030987739563,-0.34500646591186523,-0.028540264815092087,0.5832624435424805,0.07487976551055908,-0.0731508731842041,0.7368765473365784,-0.35785582661628723,0.012868224643170834,0.6614738702774048,0.03128587454557419,0.025836491957306862,0.7770245671272278,-0.44783541560173035,8
-0.03802474960684776,-0.5395631194114685,-0.11135934293270111,-0.03190060332417488,-0.5804036259651184,-0.10546176880598068,-0.03142928704619408,-0.5810467004776001,-0.10447157919406891,-0.03192597255110741,-0.5814163088798523,-0.10411889106035233,-0.061527401208877563,-0.5786507725715637,-0.10005555301904678,-0.060759805142879486,-0.5793435573577881,-0.10083036124706268,-0.06109696626663208,-0.5804887413978577,-0.09979681670665741,0.029461096972227097,-0.5944238901138306,-0.011150258593261242,-0.10918132215738297,-0.5930878520011902,0.0028587698470801115,-0.009297622367739677,-0.5264750719070435,-0.07223159074783325,-0.049948252737522125,-0.524351179599762,-0.06602232158184052,0.13920827209949493,-0.4665107727050781,0.060532841831445694,-0.1638401597738266,-0.44574931263923645,0.06297668069601059,0.1540197879076004,-0.24809996783733368,-0.00549644511193037,-0.20917442440986633,-0.2634696662425995,-0.03887490928173065,0.11520670354366302,-0.1595250368118286,-0.15984202921390533,-0.1585707813501358,-0.40819406509399414,-0.24863192439079285,0.09618507325649261,-0.12015186995267868,-0.18929778039455414,-0.12150374054908752,-0.44494548439979553,-0.2815367877483368,0.07392414659261703,-0.14288842678070068,-0.20585764944553375,-0.12771306931972504,-0.48565006256103516,-0.2727052569389343,0.09939498454332352,-0.1600959151983261,-0.16419897973537445,-0.14592178165912628,-0.43154603242874146,-0.24637442827224731,0.10929548740386963,0.015310514718294144,0.020765861496329308,-0.10919611155986786,-0.015824899077415466,-0.019365211948752403,0.07199648022651672,0.4082445800304413,0.0050357370637357235,-0.054233428090810776,0.1754077523946762,-0.32896924018859863,-0.04795841872692108,0.3443242609500885,0.27830302715301514,-0.06893809139728546,0.5625826120376587,-0.36973652243614197,-0.05352655053138733,0.3481810688972473,0.30357661843299866,-0.07270185649394989,0.6112194657325745,-0.3751789629459381,-0.03582945466041565,0.4183405637741089,0.2625296115875244,-0.06358638405799866,0.6606666445732117,-0.5248710513114929,9
0.45032215118408203,-0.345063716173172,-0.19707728922367096,0.47291481494903564,-0.3706560432910919,-0.17960834503173828,0.47321373224258423,-0.37083521485328674,-0.17845962941646576,0.4732924699783325,-0.37160104513168335,-0.1788283735513687,0.448739618062973,-0.3874133825302124,-0.1985623836517334,0.4499221742153168,-0.38785994052886963,-0.19916436076164246,0.45055440068244934,-0.38897469639778137,-0.19816716015338898,0.47387582063674927,-0.38843345642089844,-0.045444365590810776,0.367278516292572,-0.46160566806793213,-0.14975129067897797,0.4375973045825958,-0.33580443263053894,-0.14834365248680115,0.40703335404396057,-0.35755667090415955,-0.17711381614208221,0.3424740731716156,-0.3099478483200073,0.14009042084217072,0.2829415798187256,-0.3252863585948944,-0.20202116668224335,0.34519127011299133,-0.17503313720226288,0.23453420400619507,0.3595573604106903,-0.12690286338329315,-0.16478435695171356,0.4466932713985443,-0.20346474647521973,0.23710548877716064,0.4891583025455475,-0.20460909605026245,0.011083465069532394,0.456808477640152,-0.20365168154239655,0.24499671161174774,0.520153820514679,-0.23134078085422516,0.027073971927165985,0.46194905042648315,-0.2220829576253891,0.25542399287223816,0.4910831153392792,-0.26306620240211487,0.020337793976068497,0.4473932683467865,-0.2105301022529602,0.24023669958114624,0.48140275478363037,-0.22390827536582947,0.015170851722359657,0.03531821072101593,0.01673850230872631,0.11227929592132568,-0.03496738523244858,-0.0173491183668375,-0.11068841069936752,0.22406938672065735,0.22128728032112122,0.17099197208881378,0.15271149575710297,0.24737945199012756,-0.2530304193496704,0.022767357528209686,0.4997427761554718,0.2551867365837097,0.011000219732522964,0.634026825428009,-0.3524429500102997,0.0025149588473141193,0.5406383275985718,0.2564549744129181,-0.00374390440993011,0.6818632483482361,-0.36228665709495544,0.05607166886329651,0.6023088693618774,0.2424388825893402,0.10556381940841675,0.7202245593070984,-0.42864248156547546,8
-0.016612187027931213,-0.5515169501304626,-0.16340099275112152,-0.009614916518330574,-0.5937836766242981,-0.15590637922286987,-0.00918587576597929,-0.594279408454895,-0.15501944720745087,-0.009661650285124779,-0.5948610305786133,-0.15461128950119019,-0.04030667617917061,-0.5912885069847107,-0.14913786947727203,-0.03950846195220947,-0.5919260382652283,-0.14983314275741577,-0.03974536806344986,-0.5929991006851196,-0.14913073182106018,0.05669812485575676,-0.6073402166366577,-0.05723660811781883,-0.08254402130842209,-0.6043420433998108,-0.039396971464157104,0.013735098764300346,-0.5374954342842102,-0.12426166981458664,-0.02703544683754444,-0.5347661375999451,-0.1164323091506958,0.1621932089328766,-0.466187059879303,0.014483182691037655,-0.13945043087005615,-0.45287173986434937,0.023910315707325935,0.15914252400398254,-0.2386433184146881,-0.0939253643155098,-0.202209010720253,-0.2772328555583954,-0.09909716248512268,0.12676753103733063,-0.22668378055095673,-0.2941616475582123,-0.16454759240150452,-0.4327024817466736,-0.32982829213142395,0.11139950901269913,-0.2153913378715515,-0.32963472604751587,-0.1303810030221939,-0.4720422029495239,-0.3667649030685425,0.10015299171209335,-0.24496564269065857,-0.33736416697502136,-0.13499008119106293,-0.5169826745986938,-0.3577427864074707,0.11537852883338928,-0.2350422441959381,-0.29791030287742615,-0.15141192078590393,-0.4575809836387634,-0.3289884328842163,0.10480952262878418,0.018116313964128494,0.02403709851205349,-0.1047196239233017,-0.018602067604660988,-0.02284342795610428,0.04091709479689598,0.38979291915893555,0.07017415016889572,-0.059661708772182465,0.1590966284275055,-0.33865419030189514,-0.04986981675028801,0.30127978324890137,0.38216090202331543,-0.04370271414518356,0.5448154211044312,-0.3700205683708191,-0.05166707560420036,0.3058309555053711,0.4106839895248413,-0.04581606388092041,0.5925359129905701,-0.37553277611732483,-0.017390765249729156,0.38394680619239807,0.38091254234313965,-0.030014365911483765,0.6525869965553284,-0.5063218474388123,9
0.44471272826194763,-0.3920019567012787,-0.1635199785232544,0.4711413085460663,-0.41580942273139954,-0.14300131797790527,0.4716707766056061,-0.4159434139728546,-0.14189888536930084,0.47187337279319763,-0.4166649580001831,-0.14232149720191956,0.4425823986530304,-0.43529191613197327,-0.15597093105316162,0.4435838758945465,-0.435699462890625,-0.1566694974899292,0.44430387020111084,-0.4367038607597351,-0.15575891733169556,0.46321699023246765,-0.4071618616580963,0.0026445388793945312,0.35991016030311584,-0.5013403296470642,-0.08087917417287827,0.43281176686286926,-0.3753794729709625,-0.11354571580886841,0.3996250033378601,-0.40164732933044434,-0.1336328089237213,0.3507305979728699,-0.3209407329559326,0.15431882441043854,0.25201135873794556,-0.37647151947021484,-0.13864845037460327,0.32101622223854065,-0.22457022964954376,0.1289035528898239,0.21607962250709534,-0.18616856634616852,-0.19415602087974548,0.4051840603351593,-0.27326932549476624,-0.00038331651012413204,0.3049676716327667,-0.11248577386140823,-0.1551418900489807,0.4038529396057129,-0.26039448380470276,-0.014848161488771439,0.3175963759422302,-0.07805728167295456,-0.1617979258298874,0.41229355335235596,-0.27281421422958374,-0.006535284221172333,0.3261934220790863,-0.08922947198152542,-0.1681041717529297,0.40364882349967957,-0.2752915024757385,-0.0005830333684571087,0.30905988812446594,-0.11040092259645462,-0.1550689935684204,0.038785189390182495,0.015066312626004219,0.11531427502632141,-0.038409508764743805,-0.015386862680315971,-0.1138361468911171,0.25767815113067627,0.2533968389034271,0.12872309982776642,0.15735912322998047,0.2766081988811493,-0.22412145137786865,0.04583757370710373,0.5334572792053223,0.18153490126132965,0.06410102546215057,0.6781777143478394,-0.30181175470352173,0.02310725301504135,0.573421061038971,0.17962102591991425,0.05513743311166763,0.7268332242965698,-0.3099525570869446,0.07346928119659424,0.659246027469635,0.16327175498008728,0.1704891175031662,0.7766081690788269,-0.38296088576316833,8
0.02083997055888176,-0.5627051591873169,-0.18813422322273254,0.030011678114533424,-0.6038583517074585,-0.17723163962364197,0.030453408136963844,-0.6045492887496948,-0.1763121336698532,0.030051175504922867,-0.6049656867980957,-0.1761040985584259,-0.0027090006042271852,-0.6034931540489197,-0.17785394191741943,-0.001981863984838128,-0.6042133569717407,-0.17861193418502808,-0.0022145581897348166,-0.60536789894104,-0.17769339680671692,0.08112254738807678,-0.6147047281265259,-0.0644492581486702,-0.06683462858200073,-0.6175044775009155,-0.07609657198190689,0.04352249577641487,-0.5466504096984863,-0.1438070833683014,0.0002966658503282815,-0.5459993481636047,-0.14477413892745972,0.17442332208156586,-0.4712480902671814,0.033873300999403,-0.14302577078342438,-0.45546647906303406,-0.022374853491783142,0.20959483087062836,-0.27191951870918274,-0.002681860700249672,-0.19691163301467896,-0.2502567768096924,-0.14503274857997894,0.20333686470985413,-0.19585353136062622,-0.16170671582221985,-0.12200447171926498,-0.3747551143169403,-0.3650500178337097,0.18956199288368225,-0.1613532155752182,-0.19233396649360657,-0.08092426508665085,-0.4035467803478241,-0.4021068215370178,0.1700000762939453,-0.1886139065027237,-0.20789095759391785,-0.08180037140846252,-0.45023003220558167,-0.39502838253974915,0.18899573385715485,-0.19881032407283783,-0.16718752682209015,-0.10644776374101639,-0.39824435114860535,-0.36409226059913635,0.10837165266275406,0.015301818028092384,0.04026440158486366,-0.108283132314682,-0.016047870740294456,-0.038929592818021774,0.08448514342308044,0.43235278129577637,0.056449756026268005,-0.038203660398721695,0.27027183771133423,-0.24441181123256683,-0.005263580475002527,0.4176330268383026,0.3828348219394684,-0.027142958715558052,0.6157012581825256,-0.25588393211364746,-0.007852773182094097,0.4280247092247009,0.4120914041996002,-0.02916332148015499,0.6594082117080688,-0.2598944306373596,0.027171999216079712,0.5191407799720764,0.3954883813858032,-0.004106762353330851,0.725429356098175,-0.396664023399353,9
0.4156399965286255,-0.38381415605545044,-0.20667198300361633,0.4359676241874695,-0.41563165187835693,-0.1866338700056076,0.43623265624046326,-0.4157591760158539,-0.1854279786348343,0.4364209473133087,-0.416549950838089,-0.1858590990304947,0.40791037678718567,-0.42851051688194275,-0.20440495014190674,0.40887609124183655,-0.42894408106803894,-0.20498085021972656,0.40943798422813416,-0.4300406277179718,-0.20398278534412384,0.4351806640625,-0.42537376284599304,-0.04340137913823128,0.31471318006515503,-0.49443548917770386,-0.1425914764404297,0.40736478567123413,-0.37190866470336914,-0.15576498210430145,0.37109774351119995,-0.3901003301143646,-0.1832149624824524,0.33194106817245483,-0.3368784487247467,0.13520658016204834,0.23429155349731445,-0.3412804901599884,-0.17901907861232758,0.33348414301872253,-0.1761222928762436,0.10909059643745422,0.3189229965209961,-0.14811314642429352,-0.125276118516922,0.3931664228439331,-0.23062390089035034,-0.05167075991630554,0.44968658685684204,-0.24226759374141693,0.03196686506271362,0.3910028338432312,-0.23537546396255493,-0.07715455442667007,0.4803738296031952,-0.25788137316703796,0.044920358806848526,0.37827566266059875,-0.2668323218822479,-0.05614221841096878,0.4519106149673462,-0.29563331604003906,0.029455702751874924,0.3822738528251648,-0.2456459254026413,-0.04828326776623726,0.44183287024497986,-0.26282957196235657,0.032243940979242325,0.04984687268733978,0.016230382025241852,0.10652893781661987,-0.04950947314500809,-0.016671786084771156,-0.10497687011957169,0.2528104782104492,0.2429296225309372,0.08446437120437622,0.13613255321979523,0.2596866488456726,-0.25998401641845703,0.06097327172756195,0.4960499107837677,0.18119023740291595,0.04050510749220848,0.6651718616485596,-0.3372448980808258,0.04215583950281143,0.5334242582321167,0.183166041970253,0.03064635582268238,0.7166116833686829,-0.34543484449386597,0.08766251802444458,0.6023660898208618,0.16007989645004272,0.14020223915576935,0.7590067982673645,-0.43129605054855347,8
0.04247965291142464,-0.5588955879211426,-0.16057786345481873,0.05307677015662193,-0.5988410711288452,-0.1479872614145279,0.05355608090758324,-0.5994765758514404,-0.1471973955631256,0.0531034916639328,-0.5999540090560913,-0.14680595695972443,0.02112570032477379,-0.6003401279449463,-0.14948536455631256,0.021923817694187164,-0.6011136770248413,-0.15030428767204285,0.021686334162950516,-0.6022357940673828,-0.14937007427215576,0.10034754127264023,-0.606748104095459,-0.0345984511077404,-0.04622053727507591,-0.6178617477416992,-0.05053691938519478,0.06231052428483963,-0.5412625074386597,-0.11683808267116547,0.019522711634635925,-0.5432286858558655,-0.11866333335638046,0.18564055860042572,-0.4655502438545227,0.056790273636579514,-0.13402017951011658,-0.4649529457092285,0.005313648842275143,0.21514983475208282,-0.2520407736301422,0.0013992460444569588,-0.21214014291763306,-0.2805083990097046,-0.11263839155435562,0.18633240461349487,-0.1839008629322052,-0.17221519351005554,-0.10910944640636444,-0.40000686049461365,-0.3364165723323822,0.1686220020055771,-0.15497760474681854,-0.20651623606681824,-0.06227975711226463,-0.4337656497955322,-0.37547755241394043,0.150327667593956,-0.1837736964225769,-0.21858012676239014,-0.05767058953642845,-0.479455828666687,-0.36588823795318604,0.17128942906856537,-0.18782708048820496,-0.17624898254871368,-0.09010191261768341,-0.4228540360927582,-0.33394426107406616,0.10649056732654572,0.016444873064756393,0.03981554135680199,-0.10636214166879654,-0.017040476202964783,-0.03840358927845955,0.038508567959070206,0.4219367206096649,0.05278428643941879,-0.024897664785385132,0.23334841430187225,-0.3050754964351654,-0.06920298933982849,0.40085598826408386,0.3658471703529358,-0.005831659771502018,0.5968959927558899,-0.33358603715896606,-0.07331766933202744,0.41270947456359863,0.3942157030105591,-0.0076223029755055904,0.6430179476737976,-0.3380061089992523,-0.034116923809051514,0.4980764389038086,0.3695755898952484,0.010814092122018337,0.702483594417572,-0.47843584418296814,9

0.10379637032747269,-0.5946663022041321,-0.1224205493927002,0.11462759971618652,-0.6304976344108582,-0.10146936774253845,0.11506571620702744,-0.6306530237197876,-0.10086838155984879,0.11454033851623535,-0.6314668655395508,-0.10093609988689423,0.08234211802482605,-0.6344618797302246,-0.10983720421791077,0.08287851512432098,-0.6354508996009827,-0.11057582497596741,0.08267632871866226,-0.6366129517555237,-0.11021167039871216,0.13559600710868835,-0.6204615831375122,0.03066990338265896,-0.007793962489813566,-0.642541229724884,-0.030871205031871796,0.11176792532205582,-0.5721468329429626,-0.07415266335010529,0.0686362013220787,-0.577323853969574,-0.08914627879858017,0.17636020481586456,-0.43230509757995605,0.13181573152542114,-0.10304979234933853,-0.5123586058616638,-0.044142019003629684,0.21116773784160614,-0.2851860821247101,0.007366442587226629,-0.17302630841732025,-0.42531532049179077,-0.182862788438797,0.2060103863477707,-0.4316917061805725,-0.1855192482471466,0.03607330843806267,-0.45514222979545593,-0.2620731592178345,0.18846312165260315,-0.46106669306755066,-0.2168850600719452,0.10901980847120285,-0.4452124238014221,-0.28324759006500244,0.18738219141960144,-0.48655980825424194,-0.20248247683048248,0.12469710409641266,-0.4678836166858673,-0.268950492143631,0.1975678652524948,-0.44535303115844727,-0.18469542264938354,0.05987944453954697,-0.4594016373157501,-0.25457942485809326,0.08488841354846954,0.004045404959470034,0.08114994317293167,-0.08514590561389923,-0.004632648546248674,-0.0801410898566246,0.050709936767816544,0.41034379601478577,0.13303880393505096,-0.04909054934978485,0.39147767424583435,-0.1291901171207428,0.02235838770866394,0.7271029353141785,0.2340594083070755,-0.09283836930990219,0.7718117237091064,-0.15605396032333374,0.03395930677652359,0.7744695544242859,0.2351967990398407,-0.09741728007793427,0.8208239674568176,-0.16516949236392975,0.15066537261009216,0.8277426958084106,0.17705674469470978,-0.015332905575633049,0.8756816983222961,-0.27648892998695374,2
0.023258045315742493,-0.6388799548149109,-0.21262776851654053,0.01735684461891651,-0.6791027188301086,-0.19629068672657013,0.017750341445207596,-0.6795937418937683,-0.19578254222869873,0.017236553132534027,-0.6802821755409241,-0.19575226306915283,-0.011931058019399643,-0.6697759032249451,-0.2081514149904251,-0.011364815756678581,-0.6706946492195129,-0.20921184122562408,-0.0116031588986516,-0.6717867851257324,-0.20877458155155182,0.013848992995917797,-0.6831316947937012,-0.06942430883646011,-0.11420702189207077,-0.6450105905532837,-0.13770195841789246,0.029797306284308434,-0.6215741038322449,-0.1650623381137848,-0.0077957697212696075,-0.6091558933258057,-0.18289460241794586,0.09106455743312836,-0.5002062916755676,0.0531887449324131,-0.1434943526983261,-0.46251729130744934,-0.14752551913261414,0.12536628544330597,-0.3222963809967041,-0.05363607779145241,-0.04561889171600342,-0.30835017561912537,-0.27373847365379333,0.10108604282140732,-0.46251752972602844,-0.260614812374115,0.014319359324872494,-0.4919784367084503,-0.38497215509414673,0.09173016995191574,-0.4839338958263397,-0.29848551750183105,0.03791305050253868,-0.5291895270347595,-0.40982142090797424,0.0902932807803154,-0.5105463266372681,-0.2865212559700012,0.00878220982849598,-0.5575822591781616,-0.4085122346878052,0.09238643944263458,-0.47736406326293945,-0.26167070865631104,0.011760048568248749,-0.511695146560669,-0.3865076005458832,0.08026902377605438,-0.010941282846033573,0.08792246878147125,-0.08051235228776932,0.010167161002755165,-0.08699611574411392,0.07677000761032104,0.36640170216560364,0.17350183427333832,-0.0006271960446611047,0.40715134143829346,-0.10216930508613586,0.002116254298016429,0.6432856321334839,0.3436644971370697,-0.11124155670404434,0.748336136341095,-0.03335542604327202,0.0072812833823263645,0.6844843029975891,0.35180363059043884,-0.12319297343492508,0.7935429215431213,-0.033605314791202545,0.11563409119844437,0.7352917790412903,0.2972026467323303,-0.059966400265693665,0.8609415292739868,-0.1536720097064972,4
-0.04001518711447716,-0.6163187623023987,-0.26034873723983765,-0.048448994755744934,-0.6558687686920166,-0.24154001474380493,-0.04805944114923477,-0.6563094258308411,-0.24086862802505493,-0.0487409308552742,-0.6571129560470581,-0.24084517359733582,-0.08342032879590988,-0.6430052518844604,-0.24677959084510803,-0.08290575444698334,-0.6440470814704895,-0.24763169884681702,-0.08312084525823593,-0.6451605558395386,-0.247202530503273,-0.022965487092733383,-0.6685202121734619,-0.09849212318658829,-0.17573058605194092,-0.6179128885269165,-0.1448494791984558,-0.020426619797945023,-0.6033356785774231,-0.20808528363704681,-0.06603464484214783,-0.5873876810073853,-0.21935464441776276,0.06745468825101852,-0.5205475687980652,0.0465436726808548,-0.1843804568052292,-0.4448113441467285,-0.14576455950737,0.14281536638736725,-0.3787769377231598,-0.07892700284719467,-0.16764959692955017,-0.2239052653312683,-0.2689165771007538,0.07789798080921173,-0.4980212152004242,-0.3209244906902313,-0.07229442149400711,-0.20505398511886597,-0.42068812251091003,0.05595739930868149,-0.511498749256134,-0.3643323481082916,-0.029117174446582794,-0.18878759443759918,-0.4505937397480011,0.03922832012176514,-0.5316653847694397,-0.3516959547996521,-0.03408651798963547,-0.22055718302726746,-0.4508790671825409,0.06196558475494385,-0.5062509775161743,-0.32170969247817993,-0.059942785650491714,-0.21504494547843933,-0.42150360345840454,0.07696293294429779,-0.0157952718436718,0.09369607269763947,-0.0771343782544136,0.015126239508390427,-0.09252101927995682,0.09977677464485168,0.3680061995983124,0.26134997606277466,0.005181808024644852,0.39607304334640503,-0.13030368089675903,0.06970266252756119,0.6425990462303162,0.4258763790130615,-0.12108686566352844,0.7534840106964111,-0.14305604994297028,0.08118930459022522,0.68379145860672,0.4335855543613434,-0.13652163743972778,0.7984187006950378,-0.14845329523086548,0.19373677670955658,0.7337173819541931,0.38598912954330444,-0.09042353183031082,0.877180278301239,-0.262016236782074,6
0.16564078629016876,-0.5798555612564087,-0.1231096163392067,0.17638269066810608,-0.6159813404083252,-0.10277032107114792,0.17678815126419067,-0.61606365442276,-0.10213570296764374,0.17637866735458374,-0.6169375777244568,-0.10227130353450775,0.14612184464931488,-0.621589183807373,-0.11408177018165588,0.14674343168735504,-0.6225343942642212,-0.11476687341928482,0.146702840924263,-0.6237284541130066,-0.11445941776037216,0.18375679850578308,-0.6100688576698303,0.027871446684002876,0.05045492202043533,-0.6377314329147339,-0.042638182640075684,0.16719558835029602,-0.5574822425842285,-0.07527264207601547,0.12748773396015167,-0.5647101402282715,-0.09337803721427917,0.20747822523117065,-0.422149121761322,0.1353832185268402,-0.05447780340909958,-0.5204275846481323,-0.05743853747844696,0.2254014015197754,-0.2599193751811981,0.015440546907484531,-0.13043677806854248,-0.43325456976890564,-0.1913928985595703,0.22705240547657013,-0.3848169147968292,-0.1955525130033493,0.09225209802389145,-0.4475056231021881,-0.2806437015533447,0.21517065167427063,-0.4086630642414093,-0.2324991226196289,0.16508851945400238,-0.43135958909988403,-0.307716965675354,0.21628554165363312,-0.43551361560821533,-0.21992874145507812,0.18365314602851868,-0.4551874101161957,-0.29411202669143677,0.2209569215774536,-0.3985103368759155,-0.19581151008605957,0.11654998362064362,-0.4514635503292084,-0.27421483397483826,0.07827930897474289,0.008469946682453156,0.08773454278707504,-0.07833056151866913,-0.009111511521041393,-0.08668582886457443,0.07397699356079102,0.38531437516212463,0.14066122472286224,-0.03435187414288521,0.38671359419822693,-0.14185138046741486,-0.0042463643476367,0.6844984292984009,0.2631767988204956,-0.11692414432764053,0.7664334177970886,-0.1729782372713089,0.00033344217808917165,0.7326014041900635,0.26666024327278137,-0.1266663819551468,0.8161279559135437,-0.1821526288986206,0.11469792574644089,0.8080492615699768,0.21883222460746765,-0.03354158252477646,0.8834392428398132,-0.2872130274772644,2
0.009877086617052555,-0.6346807479858398,-0.21398675441741943,0.0015199406770989299,-0.6744785904884338,-0.19803392887115479,0.0018638304900377989,-0.6749873757362366,-0.19746601581573486,0.0013187223812565207,-0.6756411194801331,-0.1974150687456131,-0.02646332047879696,-0.6634887456893921,-0.20984843373298645,-0.02594492770731449,-0.6644367575645447,-0.21085485816001892,-0.02617267519235611,-0.6655341982841492,-0.2104438990354538,-0.0015885361935943365,-0.6811538934707642,-0.07176036387681961,-0.12513379752635956,-0.634803295135498,-0.14365710318088531,0.01615603268146515,-0.6190053820610046,-0.16688217222690582,-0.019688526168465614,-0.6045181155204773,-0.18562789261341095,0.08848973363637924,-0.5011091828346252,0.05559202656149864,-0.15230309963226318,-0.45189744234085083,-0.16593864560127258,0.15370848774909973,-0.33468225598335266,-0.057426098734140396,-0.0411246158182621,-0.31599101424217224,-0.2946068048477173,0.11431355029344559,-0.4700844883918762,-0.25949186086654663,0.013445233926177025,-0.49499520659446716,-0.3991245925426483,0.09668075293302536,-0.4946444630622864,-0.2964680790901184,0.03528503328561783,-0.533818781375885,-0.4247765839099884,0.09058073163032532,-0.5230883359909058,-0.28306078910827637,0.007424538489431143,-0.5590561032295227,-0.42291387915611267,0.10170230269432068,-0.48509034514427185,-0.2594866454601288,0.010361744090914726,-0.5134389400482178,-0.3997499644756317,0.08143917471170425,-0.014591640792787075,0.08622177690267563,-0.0817679762840271,0.013824719935655594,-0.08523888885974884,0.09982992708683014,0.37130624055862427,0.20551489293575287,-0.00560120539739728,0.4077804386615753,-0.12369343638420105,0.0754123404622078,0.6604358553886414,0.3717479109764099,-0.11622162163257599,0.7682599425315857,-0.09734807908535004,0.08728161454200745,0.7026338577270508,0.3793892562389374,-0.12864026427268982,0.8155108690261841,-0.10195761919021606,0.19671179354190826,0.7395613193511963,0.32535451650619507,-0.07075397670269012,0.8754910826683044,-0.22555267810821533,4
-0.03546765446662903,-0.6120335459709167,-0.27452465891838074,-0.04342404752969742,-0.6515541076660156,-0.2558985650539398,-0.04313080757856369,-0.6519942879676819,-0.25517788529396057,-0.04368946701288223,-0.6527907848358154,-0.25504714250564575,-0.07823482900857925,-0.6384650468826294,-0.2628423869609833,-0.07773838937282562,-0.6395399570465088,-0.2636192739009857,-0.07798651605844498,-0.6405743956565857,-0.2632865309715271,-0.025339193642139435,-0.6651474833488464,-0.10786589980125427,-0.17739562690258026,-0.6134517788887024,-0.1684691458940506,-0.018955789506435394,-0.5991765856742859,-0.2202553153038025,-0.06381522864103317,-0.5836530923843384,-0.2348714917898178,0.05118939280509949,-0.5200660228729248,0.0498916357755661,-0.169097438454628,-0.4338759183883667,-0.16370604932308197,0.12301803380250931,-0.3628198206424713,-0.0643332228064537,-0.10056623071432114,-0.17791041731834412,-0.19134724140167236,0.11271647363901138,-0.4915505647659302,-0.31795915961265564,-0.059744782745838165,-0.1253824532032013,-0.2500755488872528,0.10714830458164215,-0.5036908984184265,-0.36637431383132935,-0.041465580463409424,-0.10328828543424606,-0.2688400447368622,0.09856114536523819,-0.5261387228965759,-0.36016255617141724,-0.05333070084452629,-0.12053102254867554,-0.288269579410553,0.10187684744596481,-0.5002758502960205,-0.3241851329803467,-0.05610095337033272,-0.12891238927841187,-0.2576563060283661,0.07772763818502426,-0.015659932047128677,0.09250646829605103,-0.07799319922924042,0.01498433668166399,-0.09122733026742935,0.12586812674999237,0.358859121799469,0.24849899113178253,-0.015944749116897583,0.3974160850048065,-0.13899090886116028,0.10731790214776993,0.6390267014503479,0.39087697863578796,-0.12750765681266785,0.7609755992889404,-0.17069058120250702,0.1195695772767067,0.6804514527320862,0.39679500460624695,-0.1396719366312027,0.8072006702423096,-0.17887583374977112,0.23926593363285065,0.7262593507766724,0.3457266688346863,-0.08300042152404785,0.878422200679779,-0.3004400134086609,6
0.2543615400791168,-0.5316608548164368,-0.14705118536949158,0.275165319442749,-0.5593534708023071,-0.12389988452196121,0.27572840452194214,-0.5596575140953064,-0.12338355928659439,0.2754408121109009,-0.5604366064071655,-0.12343082576990128,0.24875859916210175,-0.5758479237556458,-0.1351548433303833,0.2494119256734848,-0.5766158699989319,-0.13591846823692322,0.24947188794612885,-0.5779065489768982,-0.13535268604755402,0.2831461727619171,-0.5470165014266968,0.018213801085948944,0.16022054851055145,-0.6231935620307922,-0.052440714091062546,0.24772833287715912,-0.511345624923706,-0.09516002237796783,0.21173816919326782,-0.53194260597229,-0.11342468112707138,0.2753523588180542,-0.37151485681533813,0.11202441155910492,0.009069235995411873,-0.5439656972885132,-0.046232257038354874,0.254141628742218,-0.21618346869945526,-0.03886590898036957,-0.06284411996603012,-0.4700208902359009,-0.191322922706604,0.30674633383750916,-0.35184016823768616,-0.26225546002388,0.1758958399295807,-0.41289785504341125,-0.30149418115615845,0.31520557403564453,-0.3720168471336365,-0.29793092608451843,0.2502470314502716,-0.3713392913341522,-0.33323514461517334,0.3280191719532013,-0.3962838351726532,-0.28440535068511963,0.27920517325401306,-0.3849121034145355,-0.3215259313583374,0.3089198172092438,-0.3640601336956024,-0.2615281343460083,0.20247583091259003,-0.4061755836009979,-0.2976204752922058,0.08654184639453888,0.014529813081026077,0.07967052608728409,-0.08646965771913528,-0.015255617909133434,-0.07851007580757141,0.0770031213760376,0.3998866677284241,0.043907564133405685,0.0019052315037697554,0.37534648180007935,-0.1180519238114357,-0.08217021822929382,0.7151954174041748,0.1016351729631424,-0.02842872217297554,0.7277969121932983,-0.0955178439617157,-0.08961200714111328,0.7614650130271912,0.10110408067703247,-0.03021814674139023,0.7747654914855957,-0.09893094003200531,-0.0035048704594373703,0.8568081259727478,0.027472754940390587,0.05461059883236885,0.8413493037223816,-0.21390920877456665,2
0.06168598309159279,-0.6078358292579651,-0.22848807275295258,0.05923069640994072,-0.6488091349601746,-0.21067200601100922,0.05949901416897774,-0.6490951180458069,-0.21006442606449127,0.05917704105377197,-0.6497480273246765,-0.2104668915271759,0.029192408546805382,-0.6391590237617493,-0.22358587384223938,0.029703756794333458,-0.6399810910224915,-0.22460335493087769,0.029299907386302948,-0.6411479711532593,-0.22414180636405945,0.06197862699627876,-0.6566758751869202,-0.0874115601181984,-0.07540047913789749,-0.6184991002082825,-0.1533464789390564,0.07025890052318573,-0.5922192335128784,-0.18325035274028778,0.030458247289061546,-0.5795057415962219,-0.2000173181295395,0.14112691581249237,-0.4886378347873688,0.024211568757891655,-0.11533817648887634,-0.4216807186603546,-0.16706900298595428,0.2022000551223755,-0.31282874941825867,-0.1115431934595108,0.009406860917806625,-0.2013445794582367,-0.2171715646982193,0.16498470306396484,-0.4584016501903534,-0.3277702033519745,0.06290253251791,-0.39259785413742065,-0.2485698163509369,0.15433920919895172,-0.4879027307033539,-0.36308610439300537,0.08658307790756226,-0.44003763794898987,-0.26857924461364746,0.14034293591976166,-0.509227454662323,-0.3477211594581604,0.046453431248664856,-0.47764459252357483,-0.2625064253807068,0.15151363611221313,-0.47173866629600525,-0.3268568217754364,0.052975621074438095,-0.41786113381385803,-0.24785855412483215,0.085564523935318,-0.010629494674503803,0.07851302623748779,-0.08588159084320068,0.009660899639129639,-0.07748668640851974,0.2224561870098114,0.32134976983070374,0.009820669889450073,0.012164131738245487,0.39424440264701843,-0.10378637164831161,-0.02533777244389057,0.519041121006012,0.20113644003868103,-0.12459111958742142,0.6983107924461365,-0.03509807586669922,-0.03931939974427223,0.5475170016288757,0.2127036601305008,-0.13674843311309814,0.7409569025039673,-0.033312901854515076,0.024669894948601723,0.6294397115707397,0.1908450424671173,-0.06528423726558685,0.8160272240638733,-0.12347446382045746,4
0.034167882055044174,-0.5970934629440308,-0.30535751581192017,0.03159094974398613,-0.638088047504425,-0.2886464297771454,0.032065410166978836,-0.6385875344276428,-0.288021445274353,0.03154444694519043,-0.6394785642623901,-0.2878953814506531,-0.00472051277756691,-0.6290464401245117,-0.29404449462890625,-0.004060116596519947,-0.6301011443138123,-0.29488569498062134,-0.004102114122360945,-0.6312049627304077,-0.29442381858825684,0.05958741530776024,-0.6523495316505432,-0.1451987475156784,-0.09749741852283478,-0.6195744276046753,-0.19084815680980682,0.05260796844959259,-0.584079384803772,-0.25149503350257874,0.005687907338142395,-0.5737738013267517,-0.26246291399002075,0.13925907015800476,-0.505468487739563,0.0094078304246068,-0.12689490616321564,-0.44746994972229004,-0.1723790466785431,0.20268326997756958,-0.37044286727905273,-0.11240801960229874,-0.13506853580474854,-0.2003536969423294,-0.2346222996711731,0.1909959763288498,-0.47695863246917725,-0.37679100036621094,-0.06627364456653595,-0.1268981248140335,-0.31590569019317627,0.18051446974277496,-0.48593345284461975,-0.42751622200012207,-0.036792851984500885,-0.09793087095022202,-0.3321796953678131,0.1664436310529709,-0.507194459438324,-0.4213923215866089,-0.035971224308013916,-0.12184746563434601,-0.34809955954551697,0.17684686183929443,-0.4857337474822998,-0.38188987970352173,-0.054342929273843765,-0.13129247725009918,-0.32048216462135315,0.08473720401525497,-0.007325763814151287,0.08725393563508987,-0.08481835573911667,0.006553690880537033,-0.08595448732376099,0.09941299259662628,0.3642880320549011,0.252248615026474,-0.026038415729999542,0.3908765912055969,-0.1364225298166275,0.04531756415963173,0.6283048987388611,0.4135952889919281,-0.1340748518705368,0.7558593153953552,-0.16293084621429443,0.05328529328107834,0.6704491972923279,0.42141467332839966,-0.14610865712165833,0.8027259707450867,-0.17213335633277893,0.16987989842891693,0.7299947738647461,0.36959585547447205,-0.09204672276973724,0.8719593286514282,-0.30322232842445374,6
0.2873118817806244,-0.5257325172424316,-0.1440964639186859,0.30779966711997986,-0.5534016489982605,-0.12049395591020584,0.30829939246177673,-0.5537077784538269,-0.11978282034397125,0.3080585300922394,-0.5545697212219238,-0.11994140595197678,0.28178006410598755,-0.5706091523170471,-0.13178913295269012,0.2825585901737213,-0.5714162588119507,-0.13251052796840668,0.28276076912879944,-0.5725216269493103,-0.13207301497459412,0.31187498569488525,-0.5427422523498535,0.017881443724036217,0.19485971331596375,-0.620685875415802,-0.05488752946257591,0.278055876493454,-0.5045982003211975,-0.09533564746379852,0.24394793808460236,-0.5268303155899048,-0.11441279202699661,0.2983255684375763,-0.3639695942401886,0.1043238639831543,0.035121701657772064,-0.542324423789978,-0.06651516258716583,0.2895597517490387,-0.22609864175319672,-0.02951822243630886,-0.05946992710232735,-0.4798039495944977,-0.2061542272567749,0.3071664273738861,-0.3703545033931732,-0.23114067316055298,0.16152478754520416,-0.40714529156684875,-0.31700244545936584,0.3011135756969452,-0.39866554737091064,-0.2623315453529358,0.23345717787742615,-0.3668133020401001,-0.3455851078033447,0.3099706470966339,-0.4256276786327362,-0.2442721426486969,0.2657609283924103,-0.37948089838027954,-0.3307490646839142,0.30316421389579773,-0.38481196761131287,-0.22773431241512299,0.18865451216697693,-0.40141725540161133,-0.3104020655155182,0.08657830208539963,0.014172830618917942,0.08993986994028091,-0.08647234737873077,-0.014830313622951508,-0.08884469419717789,0.16609825193881989,0.38153722882270813,0.1511533558368683,-0.02129603922367096,0.3717106878757477,-0.1974414438009262,0.11034928262233734,0.6197075247764587,0.33646202087402344,-0.12047693878412247,0.7278186082839966,-0.2595314383506775,0.11403967440128326,0.6620568633079529,0.34718695282936096,-0.13240644335746765,0.7749040126800537,-0.2717207968235016,0.21654526889324188,0.7616101503372192,0.32525843381881714,-0.04620084911584854,0.8415988683700562,-0.3934878408908844,2

-0.08597571402788162,-0.5872651934623718,-0.2852494418621063,-0.08559910953044891,-0.6281705498695374,-0.27397987246513367,-0.08512891829013824,-0.6286407113075256,-0.2731088399887085,-0.08546709269285202,-0.6289888024330139,-0.2731018364429474,-0.1161533072590828,-0.6177685260772705,-0.26398831605911255,-0.11555904895067215,-0.6186324954032898,-0.2647964656352997,-0.11588922888040543,-0.6197106838226318,-0.2643943428993225,-0.011010757647454739,-0.6431150436401367,-0.17605504393577576,-0.14947634935379028,-0.6040228605270386,-0.141460120677948,-0.04862261936068535,-0.5760045051574707,-0.2509901523590088,-0.0889287069439888,-0.5628748536109924,-0.23903392255306244,0.135341614484787,-0.5207629799842834,-0.12808185815811157,-0.17528173327445984,-0.446736216545105,-0.11900664120912552,0.24890872836112976,-0.5393567085266113,-0.3509714901447296,-0.2291758954524994,-0.32382211089134216,-0.28353479504585266,0.046566542237997055,-0.5185277462005615,-0.4817480444908142,-0.19390226900577545,-0.4391857981681824,-0.5016297101974487,-0.011972341686487198,-0.4845163822174072,-0.5113895535469055,-0.15766233205795288,-0.4704708456993103,-0.5495402812957764,-0.044230543076992035,-0.47699806094169617,-0.48918190598487854,-0.15079443156719208,-0.49457621574401855,-0.5299396514892578,0.020891236141324043,-0.504457414150238,-0.47527173161506653,-0.17879819869995117,-0.4515329897403717,-0.5014697909355164,0.10621783137321472,-0.008048235438764095,0.016162710264325142,-0.1063070297241211,0.007533888798207045,-0.01507619395852089,0.1344713419675827,0.40361109375953674,0.05883028358221054,-0.08178839832544327,0.39733994007110596,-0.06349678337574005,0.20491968095302582,0.5832456946372986,0.36419010162353516,-0.0955786257982254,0.7659946084022522,-0.0074307117611169815,0.22230590879917145,0.6106530427932739,0.38624390959739685,-0.09463634341955185,0.8130828738212585,-0.007634470704942942,0.2710348665714264,0.6868981719017029,0.3165598511695862,-0.08817240595817566,0.8981990814208984,-0.14889644086360931,3
0.013079854659736156,-0.5933876037597656,-0.20274661481380463,0.022482916712760925,-0.6330907344818115,-0.18934990465641022,0.02296282723546028,-0.6334987878799438,-0.1885939985513687,0.02253660000860691,-0.6343038082122803,-0.18869958817958832,-0.010281750932335854,-0.6313137412071228,-0.18561339378356934,-0.009599575772881508,-0.632135808467865,-0.1863206923007965,-0.010020546615123749,-0.6333305239677429,-0.1857968121767044,0.07615490257740021,-0.6352261304855347,-0.07764638215303421,-0.07149894535541534,-0.6323262453079224,-0.08257965743541718,0.03744000196456909,-0.575137734413147,-0.1619044691324234,-0.005974598694592714,-0.5728731155395508,-0.16204816102981567,0.14910787343978882,-0.4471190869808197,-0.0330779142677784,-0.1341317892074585,-0.5012921690940857,-0.02100985124707222,0.06673755496740341,-0.25500285625457764,-0.1802629828453064,-0.1848602145910263,-0.3910920321941376,-0.08903645724058151,0.03688459098339081,-0.4270361661911011,-0.3620853126049042,-0.08314910531044006,-0.49786216020584106,-0.19640646874904633,0.0212604571133852,-0.46081218123435974,-0.3914775252342224,-0.03757447376847267,-0.5083447694778442,-0.21376270055770874,0.03940140828490257,-0.48930418491363525,-0.3915489614009857,-0.036596186459064484,-0.5363982915878296,-0.20033864676952362,0.03780714422464371,-0.44345659017562866,-0.36372852325439453,-0.06672687828540802,-0.5096147656440735,-0.1923353523015976,0.10673274099826813,0.002418645890429616,0.025657448917627335,-0.10648377239704132,-0.0033209521789103746,-0.02429363876581192,0.09981635212898254,0.40953823924064636,0.0880846455693245,-0.0791676715016365,0.3636501133441925,-0.09071143716573715,0.1284971535205841,0.48686328530311584,0.3939034640789032,-0.06825120002031326,0.7131981253623962,-0.0724562406539917,0.1379248946905136,0.5079085230827332,0.4202399253845215,-0.06926507502794266,0.7595789432525635,-0.07474485784769058,0.16858705878257751,0.5958612561225891,0.3949187099933624,-0.06667251139879227,0.8431692719459534,-0.19172437489032745,5
0.035188689827919006,-0.5920904874801636,-0.2699739634990692,0.04550803080201149,-0.6298763155937195,-0.25459837913513184,0.04613756388425827,-0.6304681897163391,-0.25399577617645264,0.045801226049661636,-0.6311990022659302,-0.2539049983024597,0.012752622365951538,-0.6320270895957947,-0.25215089321136475,0.013590789400041103,-0.6325939297676086,-0.2528649866580963,0.013378231786191463,-0.6338540315628052,-0.25221017003059387,0.09910490363836288,-0.6186591982841492,-0.13851633667945862,-0.04461745172739029,-0.6317468881607056,-0.14229793846607208,0.05713192746043205,-0.5683010220527649,-0.2284599095582962,0.014480174519121647,-0.5705356001853943,-0.2270687371492386,0.18029123544692993,-0.4330727159976959,-0.06171766668558121,-0.13053648173809052,-0.4775751829147339,-0.07088936120271683,0.18385252356529236,-0.18574221432209015,-0.17212383449077606,-0.17634226381778717,-0.3215315043926239,-0.20000171661376953,0.11938825994729996,-0.1801675260066986,-0.3765154182910919,-0.12368715554475784,-0.4414313733577728,-0.4333873391151428,0.08926655352115631,-0.16620676219463348,-0.4162873923778534,-0.09352982044219971,-0.4635508060455322,-0.48067161440849304,0.080752894282341,-0.20343546569347382,-0.4276123046875,-0.0881478562951088,-0.5024721026420593,-0.4742838740348816,0.10471855103969574,-0.19097453355789185,-0.38227003812789917,-0.10720673203468323,-0.45882487297058105,-0.43504762649536133,0.11163555830717087,0.0019091792637482285,0.02414081245660782,-0.11104940623044968,-0.00290792272426188,-0.02253303863108158,0.05889584496617317,0.40419381856918335,0.16708342730998993,-0.06419847160577774,0.3546271026134491,-0.14340558648109436,0.10534746199846268,0.509671151638031,0.4754496216773987,-0.04584883525967598,0.7192697525024414,-0.1402188241481781,0.11782514303922653,0.5382616519927979,0.5001014471054077,-0.046712037175893784,0.7665868401527405,-0.14619162678718567,0.15668193995952606,0.6300461888313293,0.44475528597831726,-0.053660135716199875,0.8452349901199341,-0.28157928586006165,7
-0.11006175726652145,-0.5766056180000305,-0.25721099972724915,-0.10966046899557114,-0.6185083389282227,-0.2506006360054016,-0.10923225432634354,-0.6188792586326599,-0.24980337917804718,-0.10960543900728226,-0.6193089485168457,-0.24981945753097534,-0.13969579339027405,-0.6076345443725586,-0.23837098479270935,-0.13918444514274597,-0.6085435748100281,-0.23925261199474335,-0.13957944512367249,-0.6096634864807129,-0.2386910766363144,-0.03586617484688759,-0.6445883512496948,-0.15343213081359863,-0.17065906524658203,-0.6027324199676514,-0.11466516554355621,-0.07162263244390488,-0.5693220496177673,-0.22297921776771545,-0.11122965812683105,-0.5553213357925415,-0.2093140333890915,0.10942835360765457,-0.5240160822868347,-0.10051126033067703,-0.2002885639667511,-0.44379499554634094,-0.07162589579820633,0.20400437712669373,-0.47805070877075195,-0.2817252576351166,-0.2568041682243347,-0.30012261867523193,-0.2020585536956787,-0.008745663799345493,-0.46474313735961914,-0.3978387713432312,-0.21439506113529205,-0.41964876651763916,-0.3968149423599243,-0.07111909985542297,-0.4369767904281616,-0.4234331250190735,-0.18276934325695038,-0.44900059700012207,-0.4357222020626068,-0.10175210237503052,-0.4400164783000946,-0.4046506881713867,-0.1804509162902832,-0.47502684593200684,-0.4165600836277008,-0.03497090935707092,-0.45661014318466187,-0.38978269696235657,-0.2011055052280426,-0.43281564116477966,-0.3943532109260559,0.10428005456924438,-0.00992389116436243,0.009779855608940125,-0.10432802140712738,0.009411245584487915,-0.008723077364265919,0.12817884981632233,0.40146738290786743,0.08907210826873779,-0.07893941551446915,0.4041869044303894,-0.054865650832653046,0.21047818660736084,0.6209596991539001,0.36875396966934204,-0.08245106041431427,0.7708076238632202,-0.014192641712725163,0.23053835332393646,0.6552740931510925,0.389356404542923,-0.08088497072458267,0.8181411623954773,-0.015596720390021801,0.28900033235549927,0.7253648042678833,0.31051236391067505,-0.07905258238315582,0.9019157886505127,-0.15424542129039764,3
0.04110204055905342,-0.6118963956832886,-0.20595234632492065,0.054809022694826126,-0.6479434967041016,-0.1888662427663803,0.055310338735580444,-0.6483336687088013,-0.1880815327167511,0.05494389683008194,-0.6491476893424988,-0.18808473646640778,0.02250617742538452,-0.6501473188400269,-0.18373624980449677,0.023319322615861893,-0.6509881019592285,-0.18451040983200073,0.023068565875291824,-0.6522008180618286,-0.18387220799922943,0.11424589157104492,-0.6257957816123962,-0.08198701590299606,-0.029710115864872932,-0.6399305462837219,-0.08010859042406082,0.06435427069664001,-0.5838766694068909,-0.16872410476207733,0.02186514437198639,-0.5869383215904236,-0.16640883684158325,0.17952072620391846,-0.41814351081848145,-0.047079868614673615,-0.12104808539152145,-0.48909807205200195,-0.02815949358046055,0.10787755995988846,-0.23615442216396332,-0.20230144262313843,-0.2126447856426239,-0.3598518371582031,-0.1449410766363144,0.07587205618619919,-0.41945338249206543,-0.3839693069458008,-0.08225535601377487,-0.4706644117832184,-0.3083156645298004,0.05631577596068382,-0.4601009786128998,-0.41248875856399536,-0.02874823659658432,-0.4826279282569885,-0.33222663402557373,0.07137876003980637,-0.48847487568855286,-0.3998476564884186,-0.02027280442416668,-0.5128684639930725,-0.3099250793457031,0.0754476860165596,-0.43661218881607056,-0.37947723269462585,-0.060116298496723175,-0.481488436460495,-0.30026617646217346,0.11024287343025208,0.008207987993955612,0.02223147638142109,-0.11004234850406647,-0.008998860605061054,-0.021205952391028404,0.0920497477054596,0.4230327308177948,0.05978238210082054,-0.08822284638881683,0.31211212277412415,-0.22107470035552979,0.09913517534732819,0.5216447710990906,0.39166972041130066,-0.06847166270017624,0.6668407320976257,-0.18869146704673767,0.10779087245464325,0.54859858751297,0.4209268093109131,-0.06906616687774658,0.7124645709991455,-0.19022436439990997,0.13092169165611267,0.6500065922737122,0.37611865997314453,-0.05753718689084053,0.775208055973053,-0.3218562602996826,5
0.041726190596818924,-0.5985689163208008,-0.261798620223999,0.05378482863306999,-0.6347489356994629,-0.2443508803844452,0.05427616834640503,-0.6352359056472778,-0.24371543526649475,0.05399623140692711,-0.6358320713043213,-0.24364975094795227,0.02012779377400875,-0.6374373435974121,-0.24257570505142212,0.02070445939898491,-0.6380688548088074,-0.24347618222236633,0.020551379770040512,-0.6393399834632874,-0.2427593618631363,0.10682414472103119,-0.6186645030975342,-0.12597212195396423,-0.04023657366633415,-0.6344732642173767,-0.13138407468795776,0.0632103681564331,-0.5724775195121765,-0.2210630625486374,0.019783999770879745,-0.5754023790359497,-0.21973510086536407,0.1863982379436493,-0.43681997060775757,-0.04855440929532051,-0.13459055125713348,-0.4782615900039673,-0.0730176791548729,0.2507874071598053,-0.20576632022857666,-0.1383793205022812,-0.22679194808006287,-0.3434981405735016,-0.21002505719661713,0.17382004857063293,-0.1602882444858551,-0.3363420367240906,-0.10789419710636139,-0.43842613697052,-0.42490482330322266,0.13644810020923615,-0.1363944411277771,-0.3798142671585083,-0.05613131821155548,-0.4511236846446991,-0.47180959582328796,0.11379773914813995,-0.1720508337020874,-0.386911004781723,-0.041138745844364166,-0.494260311126709,-0.4582594633102417,0.15349045395851135,-0.16788549721240997,-0.3395325541496277,-0.08433089405298233,-0.45451852679252625,-0.4231243431568146,0.114634670317173,-0.0019545683171600103,0.024431096389889717,-0.11416242271661758,0.0011074432404711843,-0.022963257506489754,0.13302534818649292,0.4077281653881073,0.11931770294904709,-0.06999606639146805,0.3727441132068634,-0.1318894922733307,0.22989171743392944,0.6076785326004028,0.4491158425807953,-0.05643925070762634,0.727992057800293,-0.1360435038805008,0.2484966665506363,0.6424742341041565,0.47418028116226196,-0.05533718690276146,0.7745938301086426,-0.14218415319919586,0.2941718101501465,0.718578577041626,0.41350212693214417,-0.05550969019532204,0.8658238649368286,-0.2767281234264374,7
-0.1609184741973877,-0.5643283724784851,-0.24742119014263153,-0.16110381484031677,-0.6068186163902283,-0.2387511134147644,-0.16075608134269714,-0.607302188873291,-0.23793095350265503,-0.16118456423282623,-0.6077194213867188,-0.23800887167453766,-0.18926198780536652,-0.5908018946647644,-0.22751393914222717,-0.18890225887298584,-0.5917033553123474,-0.2282256931066513,-0.1893911510705948,-0.5927988886833191,-0.2277306467294693,-0.08873168379068375,-0.6452556848526001,-0.14333972334861755,-0.21657204627990723,-0.5825150609016418,-0.10123294591903687,-0.12140436470508575,-0.5628499388694763,-0.2125656008720398,-0.15746654570102692,-0.5428264737129211,-0.19916932284832,0.07162685692310333,-0.538821816444397,-0.08258721232414246,-0.22356317937374115,-0.4240625202655792,-0.06372961401939392,0.2078525573015213,-0.4756712019443512,-0.2582993805408478,-0.19984036684036255,-0.2739627957344055,-0.1913006752729416,0.012450389564037323,-0.44685402512550354,-0.39983657002449036,-0.2404247373342514,-0.39335691928863525,-0.39967408776283264,-0.043724965304136276,-0.4208490252494812,-0.4349363446235657,-0.23316824436187744,-0.421362042427063,-0.44327032566070557,-0.08698282390832901,-0.42908206582069397,-0.4173239767551422,-0.2490912526845932,-0.4433344900608063,-0.43349573016166687,-0.01882540062069893,-0.4402221739292145,-0.3937959372997284,-0.24032722413539886,-0.40610527992248535,-0.40301671624183655,0.10328049212694168,-0.01476486399769783,0.014327239245176315,-0.10325629264116287,0.014329018071293831,-0.01337063405662775,0.12870797514915466,0.4026729166507721,0.10434891283512115,-0.0690321996808052,0.39348649978637695,-0.06390460580587387,0.19521202147006989,0.6218513250350952,0.3914128839969635,-0.0683937594294548,0.7560087442398071,-0.03486413136124611,0.21525070071220398,0.6549471616744995,0.4127054810523987,-0.0657844990491867,0.8024937510490417,-0.03777201101183891,0.28696340322494507,0.7141764760017395,0.3433980941772461,-0.0525963194668293,0.8912099003791809,-0.17384950816631317,3
0.033714257180690765,-0.5985150933265686,-0.2525273263454437,0.043734610080718994,-0.6373640298843384,-0.23912860453128815,0.044242773205041885,-0.637873649597168,-0.23845359683036804,0.043810248374938965,-0.63871830701828,-0.238430917263031,0.01025748997926712,-0.6378422975540161,-0.23627077043056488,0.01096741296350956,-0.6386417746543884,-0.23706193268299103,0.010715020820498466,-0.6398813128471375,-0.2365056723356247,0.09542917460203171,-0.6310508847236633,-0.1212894394993782,-0.052852876484394073,-0.6388196349143982,-0.12948529422283173,0.054635971784591675,-0.5770991444587708,-0.20940081775188446,0.0109756700694561,-0.5775625109672546,-0.2099696844816208,0.17020730674266815,-0.43321728706359863,-0.04272054508328438,-0.1292201280593872,-0.49241092801094055,-0.07457832247018814,0.15191636979579926,-0.2207825630903244,-0.19476677477359772,-0.17632171511650085,-0.33459481596946716,-0.20359982550144196,0.10429270565509796,-0.38948243856430054,-0.41277697682380676,-0.08654368668794632,-0.46202582120895386,-0.40788426995277405,0.07741159945726395,-0.4248122572898865,-0.44844356179237366,-0.046181268990039825,-0.4809165596961975,-0.44778159260749817,0.08694873750209808,-0.4615768492221832,-0.4401991665363312,-0.04138590767979622,-0.5114482641220093,-0.4347328245639801,0.09866372495889664,-0.41010797023773193,-0.4117375910282135,-0.07033107429742813,-0.4769755005836487,-0.4062819182872772,0.10657806694507599,0.0016225137514993548,0.03394857048988342,-0.10633385181427002,-0.0025241386611014605,-0.03266426548361778,0.10967505723237991,0.40864261984825134,0.15069305896759033,-0.058995138853788376,0.3625071346759796,-0.14117583632469177,0.15975141525268555,0.5800750255584717,0.4360816776752472,-0.06481430679559708,0.7180768847465515,-0.15505065023899078,0.17425993084907532,0.6145994663238525,0.45693856477737427,-0.0668257474899292,0.764539361000061,-0.16192927956581116,0.23149317502975464,0.7032039165496826,0.4012480080127716,-0.0529387965798378,0.8468746542930603,-0.2954375445842743,5
0.06879597157239914,-0.6030766367912292,-0.23654338717460632,0.08091748505830765,-0.6391737461090088,-0.22027388215065002,0.08148743957281113,-0.6397202610969543,-0.2196531891822815,0.0811387300491333,-0.6403793692588806,-0.21957729756832123,0.04806521534919739,-0.6428590416908264,-0.21946610510349274,0.04879498854279518,-0.6435415744781494,-0.2203027456998825,0.04862404242157936,-0.6448127031326294,-0.2195063978433609,0.1258791983127594,-0.6253262162208557,-0.10169555991888046,-0.018496667966246605,-0.6458067297935486,-0.1154259517788887,0.08621465414762497,-0.5784674882888794,-0.1940872073173523,0.043508049100637436,-0.582917332649231,-0.1960630714893341,0.19044853746891022,-0.43334195017814636,-0.02877180092036724,-0.1211727187037468,-0.49161604046821594,-0.05355660617351532,0.17418260872364044,-0.18687136471271515,-0.12163868546485901,-0.17942723631858826,-0.32285192608833313,-0.1547187864780426,0.08913104981184006,-0.19286207854747772,-0.3123703896999359,-0.09104587137699127,-0.42019641399383545,-0.34901106357574463,0.05154725909233093,-0.18006570637226105,-0.34590235352516174,-0.05194466933608055,-0.4351484477519989,-0.3851144015789032,0.04716864973306656,-0.21675153076648712,-0.35354703664779663,-0.04958920553326607,-0.4724190831184387,-0.3786972761154175,0.07467277348041534,-0.2042330801486969,-0.3148386776447296,-0.07511711865663528,-0.4362316429615021,-0.34818971157073975,0.11163992434740067,0.0020324753131717443,0.02986479178071022,-0.11120442301034927,-0.002968002576380968,-0.028324250131845474,0.11460412293672562,0.4170365333557129,0.12238902598619461,-0.05449362471699715,0.36790230870246887,-0.12639528512954712,0.1666557341814041,0.5764109492301941,0.43459200859069824,-0.04470745101571083,0.7276930212974548,-0.13492615520954132,0.17919808626174927,0.6094577312469482,0.45755690336227417,-0.04483263939619064,0.77482670545578,-0.1421266496181488,0.21936804056167603,0.7033761143684387,0.3971666097640991,-0.03814294561743736,0.8554373383522034,-0.27642494440078735,7
-0.2511722147464752,-0.5494197010993958,-0.19806034862995148,-0.2592942416667938,-0.5908095836639404,-0.1952786147594452,-0.25894081592559814,-0.5911668539047241,-0.19438381493091583,-0.2594316303730011,-0.5916147232055664,-0.19429585337638855,-0.27961423993110657,-0.5746510624885559,-0.17445141077041626,-0.2791188657283783,-0.575774073600769,-0.17512978613376617,-0.27968984842300415,-0.5767931938171387,-0.17454089224338531,-0.17080482840538025,-0.6362780332565308,-0.1412431001663208,-0.26479971408843994,-0.5712591409683228,-0.05382382124662399,-0.2022758573293686,-0.5516599416732788,-0.17909656465053558,-0.23015500605106354,-0.5305684208869934,-0.15249715745449066,0.03311770409345627,-0.5470027327537537,-0.08593371510505676,-0.24911609292030334,-0.40155014395713806,-0.03639961779117584,0.15480659902095795,-0.5429857969284058,-0.2753662168979645,-0.27460557222366333,-0.23305311799049377,-0.16362518072128296,-0.053257402032613754,-0.49297869205474854,-0.3738103210926056,-0.29386091232299805,-0.3628288805484772,-0.38430580496788025,-0.10893689095973969,-0.4453107416629791,-0.39536282420158386,-0.27757561206817627,-0.3984256982803345,-0.4263899624347687,-0.1464204043149948,-0.435804158449173,-0.3748614192008972,-0.2871691584587097,-0.4252569079399109,-0.4077339768409729,-0.07914777845144272,-0.4755287170410156,-0.36458298563957214,-0.28741255402565,-0.37852320075035095,-0.38344472646713257,0.10577438771724701,-0.012817053124308586,0.008350138552486897,-0.10571160912513733,0.012380287982523441,-0.007233782205730677,0.15975739061832428,0.41567516326904297,0.05304497480392456,-0.07361366599798203,0.37568700313568115,-0.10167306661605835,0.1798892468214035,0.5395499467849731,0.41596996784210205,-0.08046222478151321,0.7298945784568787,-0.09022451192140579,0.19355732202529907,0.5614513158798218,0.4461141526699066,-0.0793132483959198,0.7762864232063293,-0.09342644363641739,0.25427931547164917,0.636237382888794,0.40619754791259766,-0.0722830593585968,0.8610059022903442,-0.2232615202665329,3
0.13575251400470734,-0.5640981197357178,-0.2882380783557892,0.15025322139263153,-0.5980855226516724,-0.2743208408355713,0.15080779790878296,-0.5985676050186157,-0.2736203670501709,0.15054982900619507,-0.5994321703910828,-0.2735016644001007,0.12013774365186691,-0.6073892712593079,-0.2765042781829834,0.12087446451187134,-0.6081122756004333,-0.27729618549346924,0.12073170393705368,-0.6094278693199158,-0.27671170234680176,0.1820433884859085,-0.5830525159835815,-0.15104472637176514,0.050912607461214066,-0.633376955986023,-0.1843704879283905,0.1459285467863083,-0.5413199067115784,-0.24266059696674347,0.10611795634031296,-0.5531677007675171,-0.2500882148742676,0.22135807573795319,-0.39816921949386597,-0.0730433538556099,-0.07712773233652115,-0.5132237672805786,-0.1253904402256012,0.19324828684329987,-0.20227843523025513,-0.21632184088230133,-0.17186710238456726,-0.3856185972690582,-0.2512124180793762,0.16067355871200562,-0.3639340102672577,-0.42545703053474426,0.0021781993564218283,-0.46280309557914734,-0.428254634141922,0.13653531670570374,-0.3995278775691986,-0.46305447816848755,0.06343857198953629,-0.46857163310050964,-0.4647132158279419,0.14471668004989624,-0.43472379446029663,-0.4517481327056885,0.07874912768602371,-0.4983419179916382,-0.4452197849750519,0.1545494645833969,-0.3837788701057434,-0.42291152477264404,0.026264388114213943,-0.4732573926448822,-0.42292022705078125,0.1073116883635521,0.003591568674892187,0.041686493903398514,-0.10688478499650955,-0.0044980780221521854,-0.04025496542453766,0.1287228912115097,0.39664122462272644,0.1732802391052246,-0.06979884952306747,0.3799009621143341,-0.12210909277200699,0.18255192041397095,0.6015162467956543,0.4734380841255188,-0.08277618139982224,0.7215096950531006,-0.1314929574728012,0.19702917337417603,0.6391887664794922,0.49781325459480286,-0.08750255405902863,0.766210675239563,-0.13730934262275696,0.26387152075767517,0.7377792596817017,0.44947442412376404,-0.08629447966814041,0.8515572547912598,-0.2634138762950897,5
0.07567320764064789,-0.5955014228820801,-0.2818644046783447,0.08887705951929092,-0.6318120360374451,-0.26513350009918213,0.08942613005638123,-0.6323500275611877,-0.2645181119441986,0.08928178995847702,-0.6330158710479736,-0.26439768075942993,0.055510204285383224,-0.6359698176383972,-0.26326611638069153,0.05621838569641113,-0.6365372538566589,-0.26401636004447937,0.05618812143802643,-0.6378874778747559,-0.26346513628959656,0.1438692957162857,-0.6142138838768005,-0.14719662070274353,-0.0010185667779296637,-0.6367591023445129,-0.15037395060062408,0.09733601659536362,-0.568720281124115,-0.24112094938755035,0.054153889417648315,-0.5737133622169495,-0.2392244189977646,0.21633240580558777,-0.4257330596446991,-0.06823910027742386,-0.10594277828931808,-0.4865010380744934,-0.09893716126680374,0.2395438849925995,-0.19355133175849915,-0.1601589322090149,-0.19777755439281464,-0.33860811591148376,-0.24179203808307648,0.19052916765213013,-0.14034245908260345,-0.3649592697620392,-0.09551849216222763,-0.43111079931259155,-0.4762427806854248,0.16316594183444977,-0.11442429572343826,-0.4138762950897217,-0.05452518165111542,-0.44621381163597107,-0.5279972553253174,0.14396527409553528,-0.14960570633411407,-0.42583176493644714,-0.037638697773218155,-0.4889304041862488,-0.5190064311027527,0.17217297852039337,-0.14767514169216156,-0.37180209159851074,-0.07323918491601944,-0.4464913606643677,-0.47727012634277344,0.11315462738275528,0.0050090909935534,0.035937126725912094,-0.11245250701904297,-0.005805173888802528,-0.03435981273651123,0.12358798086643219,0.3925028443336487,0.17195133864879608,-0.07720156013965607,0.3669184148311615,-0.13843047618865967,0.17208389937877655,0.6158502101898193,0.48732244968414307,-0.0830734595656395,0.7134429812431335,-0.1306559443473816,0.18660055100917816,0.6560288667678833,0.5110998749732971,-0.08434301614761353,0.7592803239822388,-0.1356268972158432,0.25436559319496155,0.7366558909416199,0.4518307149410248,-0.07684376090765,0.8592334985733032,-0.2705153822898865,7
-0.2833845317363739,-0.49368128180503845,-0.18162043392658234,-0.29040205478668213,-0.5380769371986389,-0.1942891627550125,-0.29004839062690735,-0.5382946729660034,-0.19351251423358917,-0.29053783416748047,-0.5385916829109192,-0.19330599904060364,-0.3054569661617279,-0.5235205888748169,-0.1636025309562683,-0.3051922023296356,-0.5246049761772156,-0.16447174549102783,-0.3057900667190552,-0.5256208777427673,-0.1638222634792328,-0.1937372088432312,-0.6036220788955688,-0.17275312542915344,-0.26389849185943604,-0.5474651455879211,-0.045451872050762177,-0.22983309626579285,-0.5045831799507141,-0.1738668531179428,-0.24996733665466309,-0.48702752590179443,-0.13494016230106354,0.030275549739599228,-0.544660747051239,-0.0897006243467331,-0.24098142981529236,-0.3938218653202057,-0.009577038697898388,0.16678811609745026,-0.5628986358642578,-0.25466686487197876,-0.2943480610847473,-0.2140427678823471,-0.07488380372524261,-0.025665054097771645,-0.5277935862541199,-0.35269904136657715,-0.3157210350036621,-0.34988629817962646,-0.2689644694328308,-0.0813957154750824,-0.4825219213962555,-0.37703147530555725,-0.305039644241333,-0.38163554668426514,-0.302957147359848,-0.11456477642059326,-0.4732677936553955,-0.35163870453834534,-0.3128822147846222,-0.40666499733924866,-0.2871338427066803,-0.0511171817779541,-0.5106183290481567,-0.34232082962989807,-0.3103201389312744,-0.3644871413707733,-0.2669046223163605,0.10569914430379868,-0.016395095735788345,-0.010884715244174004,-0.10570812225341797,0.01600714400410652,0.011832079850137234,0.14298811554908752,0.3870058059692383,0.045859817415475845,-0.07237359136343002,0.3828382194042206,-0.08337733894586563,0.24590139091014862,0.5581572651863098,0.36771488189697266,-0.09915267676115036,0.7430105209350586,-0.04118199646472931,0.2674467861652374,0.5861319899559021,0.3946636915206909,-0.09959037601947784,0.7904163002967834,-0.04034435376524925,0.3149941563606262,0.6666004657745361,0.3154769837856293,-0.11037033796310425,0.8828599452972412,-0.17260770499706268,3
0.06261266767978668,-0.5728330016136169,-0.25909820199012756,0.07540649175643921,-0.6100821495056152,-0.24911876022815704,0.07598979026079178,-0.6105102300643921,-0.24843944609165192,0.075645312666893,-0.6112799048423767,-0.24836282432079315,0.043268054723739624,-0.6126457452774048,-0.24513863027095795,0.04395700618624687,-0.6134506464004517,-0.24597106873989105,0.04374441131949425,-0.614690899848938,-0.24518810212612152,0.12845532596111298,-0.6008069515228271,-0.13982555270195007,-0.014093458652496338,-0.6174280047416687,-0.14035126566886902,0.08370445668697357,-0.5502694249153137,-0.2174668312072754,0.041352398693561554,-0.5534049868583679,-0.21625050902366638,0.19694164395332336,-0.4146307110786438,-0.060745418071746826,-0.10627790540456772,-0.49364596605300903,-0.07984432578086853,0.16946139931678772,-0.2207997739315033,-0.21486051380634308,-0.19732774794101715,-0.34698888659477234,-0.19654810428619385,0.1278882622718811,-0.3760617673397064,-0.431448757648468,-0.06985283643007278,-0.4335838854312897,-0.3814191520214081,0.09930813312530518,-0.40920501947402954,-0.46642693877220154,-0.02110614813864231,-0.4396609961986542,-0.41692253947257996,0.1068229004740715,-0.4404873847961426,-0.45798972249031067,-0.010005384683609009,-0.472215473651886,-0.39961180090904236,0.12178969383239746,-0.3941963315010071,-0.42981967329978943,-0.0479729138314724,-0.4460700750350952,-0.37699267268180847,0.10957028716802597,0.0043417057022452354,0.031553108245134354,-0.10922730714082718,-0.005249772220849991,-0.03026622161269188,0.1396634727716446,0.4054420292377472,0.10384438931941986,-0.08941493183374405,0.38099077343940735,-0.09407290816307068,0.23937851190567017,0.5883473753929138,0.406286358833313,-0.07905734330415726,0.7343910932540894,-0.07730499655008316,0.2585321068763733,0.6224809288978577,0.4295784533023834,-0.07992737740278244,0.7813594937324524,-0.08190380781888962,0.31714358925819397,0.7034573554992676,0.37741759419441223,-0.08933272957801819,0.869526743888855,-0.20761710405349731,5
0.019978070631623268,-0.6020469665527344,-0.25362932682037354,0.02709820121526718,-0.6412095427513123,-0.24114634096622467,0.027645837515592575,-0.641838788986206,-0.2404898852109909,0.02734857052564621,-0.6426067352294922,-0.24018418788909912,-0.0057739815674722195,-0.6403347253799438,-0.23711858689785004,-0.004886769689619541,-0.6410199999809265,-0.23786653578281403,-0.004960513208061457,-0.642278254032135,-0.23717595636844635,0.08290161937475204,-0.6339886784553528,-0.1339295506477356,-0.06087971478700638,-0.6352818012237549,-0.13139019906520844,0.04530107602477074,-0.5790984034538269,-0.21379084885120392,0.002758533926680684,-0.5781779289245605,-0.21109677851200104,0.18017244338989258,-0.4435659646987915,-0.05857603996992111,-0.12942442297935486,-0.4796978235244751,-0.07116326689720154,0.15828141570091248,-0.19149456918239594,-0.160832479596138,-0.16438625752925873,-0.31073179841041565,-0.16812463104724884,0.09307369589805603,-0.19207069277763367,-0.3607844412326813,-0.1192295253276825,-0.4564343988895416,-0.36545851826667786,0.06488584727048874,-0.18254466354846954,-0.39957138895988464,-0.09012340009212494,-0.48666536808013916,-0.4000645875930786,0.05841290205717087,-0.21623024344444275,-0.40374240279197693,-0.09623531997203827,-0.5200921893119812,-0.39457714557647705,0.07915204018354416,-0.20246796309947968,-0.36360588669776917,-0.10765887796878815,-0.4743671417236328,-0.365892231464386,0.109867624938488,0.0048226239159703255,0.03204342722892761,-0.10947684943675995,-0.005609292536973953,-0.03074868582189083,0.09958582371473312,0.4426441788673401,0.15740880370140076,-0.08581086248159409,0.3110100030899048,-0.2287570983171463,0.19226889312267303,0.586999773979187,0.4632147252559662,-0.06857748329639435,0.6753126978874207,-0.2613898515701294,0.21115154027938843,0.618111252784729,0.4880417585372925,-0.06785481423139572,0.7210171818733215,-0.2701174318790436,0.2778303623199463,0.6987799406051636,0.4386155903339386,-0.04359275847673416,0.791042685508728,-0.40337905287742615,7
-0.25077539682388306,-0.5197955369949341,-0.21567723155021667,-0.2559686005115509,-0.5634870529174805,-0.22197076678276062,-0.25560811161994934,-0.5638089179992676,-0.22109627723693848,-0.25617578625679016,-0.5642017126083374,-0.2209499180316925,-0.27363821864128113,-0.5485240817070007,-0.1972547173500061,-0.2732199728488922,-0.5496083498001099,-0.19799204170703888,-0.27375778555870056,-0.5506802201271057,-0.197377011179924,-0.15737520158290863,-0.6169946789741516,-0.1821056753396988,-0.23998016119003296,-0.5575960874557495,-0.07808628678321838,-0.1974858045578003,-0.5252948999404907,-0.20068222284317017,-0.22101357579231262,-0.5070103406906128,-0.16864310204982758,0.060010816901922226,-0.5403963923454285,-0.09179704636335373,-0.2188219577074051,-0.3990611433982849,-0.059061914682388306,0.20760312676429749,-0.5482366681098938,-0.26079991459846497,-0.24062637984752655,-0.2465616911649704,-0.1528300791978836,0.012331852689385414,-0.5370281338691711,-0.3510853350162506,-0.2751518785953522,-0.3974483013153076,-0.3430865705013275,-0.044748563319444656,-0.5014313459396362,-0.37221941351890564,-0.2647170126438141,-0.4325309097766876,-0.3773433566093445,-0.08093700557947159,-0.49464550614356995,-0.3454373776912689,-0.27579212188720703,-0.4548250138759613,-0.3597128391265869,-0.015382316894829273,-0.5231083631515503,-0.3398248851299286,-0.2718360126018524,-0.4117322862148285,-0.3412502110004425,0.1025819182395935,-0.009234119206666946,0.006485174875706434,-0.10267294943332672,0.008785219863057137,-0.005487919319421053,0.12597036361694336,0.41484305262565613,0.05797113478183746,-0.0760788545012474,0.3764805495738983,-0.09689678996801376,0.15340518951416016,0.5493251085281372,0.40631625056266785,-0.09100233763456345,0.7362874746322632,-0.06260763853788376,0.16945290565490723,0.5725220441818237,0.43655914068222046,-0.0893578976392746,0.7836194038391113,-0.062251076102256775,0.2324472963809967,0.6447073221206665,0.38593772053718567,-0.0702483057975769,0.8706463575363159,-0.18850089609622955,3
0.06066950038075447,-0.5729253888130188,-0.23353566229343414,0.07397214323282242,-0.609749436378479,-0.2224281132221222,0.07448714971542358,-0.6101610064506531,-0.22173111140727997,0.07409217208623886,-0.6109637022018433,-0.22170771658420563,0.04275762289762497,-0.6143824458122253,-0.2200324982404709,0.04348158836364746,-0.6152308583259583,-0.22082990407943726,0.043256595730781555,-0.6164807677268982,-0.2202080488204956,0.12083406746387482,-0.6037716269493103,-0.1072162613272667,-0.017933892086148262,-0.6294883489608765,-0.11765598505735397,0.0781192034482956,-0.5524647235870361,-0.19004061818122864,0.03695156052708626,-0.558139979839325,-0.1915285438299179,0.1843644380569458,-0.42126086354255676,-0.03244636207818985,-0.11414393782615662,-0.5028733015060425,-0.0555405467748642,0.16210676729679108,-0.22788608074188232,-0.1716848760843277,-0.1973714977502823,-0.357658714056015,-0.15995816886425018,0.10828190296888351,-0.38979122042655945,-0.3758019804954529,-0.061820536851882935,-0.4487987160682678,-0.3263210356235504,0.07796506583690643,-0.42348310351371765,-0.41031908988952637,-0.009240826591849327,-0.4572577178478241,-0.3583472669124603,0.08443965017795563,-0.45821526646614075,-0.4016159176826477,0.00042072191718034446,-0.48852479457855225,-0.34260886907577515,0.10123948007822037,-0.40838590264320374,-0.3733457028865814,-0.04099626839160919,-0.46110326051712036,-0.32155880331993103,0.10472292453050613,0.0021350758615881205,0.0346461646258831,-0.10455119609832764,-0.002973472233861685,-0.03329065069556236,0.09698934853076935,0.40792179107666016,0.12279010564088821,-0.0830511823296547,0.3812924325466156,-0.11891444772481918,0.17805713415145874,0.6114956736564636,0.404081791639328,-0.09550657123327255,0.742870032787323,-0.14317308366298676,0.19479168951511383,0.6476528644561768,0.4256758987903595,-0.09804417937994003,0.7899549603462219,-0.1506972312927246,0.2486741840839386,0.728095531463623,0.3744354546070099,-0.08214335143566132,0.8741657733917236,-0.2814539968967438,5
-0.18487627804279327,-0.5007737278938293,-0.2620353698730469,-0.1809859424829483,-0.5439185500144958,-0.26777738332748413,-0.18055620789527893,-0.5444388389587402,-0.2669781744480133,-0.18099848926067352,-0.5448804497718811,-0.2667873203754425,-0.20383310317993164,-0.5400694012641907,-0.25059691071510315,-0.2033011019229889,-0.5409426689147949,-0.2515060007572174,-0.20381052792072296,-0.542092502117157,-0.2504904270172119,-0.09052982181310654,-0.5699450373649597,-0.22674402594566345,-0.19004231691360474,-0.5585500597953796,-0.13922540843486786,-0.14314785599708557,-0.4927403926849365,-0.23418347537517548,-0.16924676299095154,-0.48766955733299255,-0.21403300762176514,0.08322986215353012,-0.4351021349430084,-0.1342589259147644,-0.21014387905597687,-0.42904266715049744,-0.06013535335659981,0.13725458085536957,-0.18068663775920868,-0.2202574610710144,-0.2610272765159607,-0.2705432176589966,-0.12358464300632477,0.054592255502939224,-0.15333321690559387,-0.40788599848747253,-0.2503911852836609,-0.37325412034988403,-0.34456777572631836,0.022432943806052208,-0.13073398172855377,-0.43741148710250854,-0.22214461863040924,-0.3957415521144867,-0.37711846828460693,0.012101590633392334,-0.16055601835250854,-0.44702157378196716,-0.22669118642807007,-0.41929471492767334,-0.3666718900203705,0.0418240912258625,-0.15977701544761658,-0.4108690619468689,-0.23754791915416718,-0.3951987624168396,-0.3429415822029114,0.11324920505285263,6.47998895146884e-05,-0.00045128664351068437,-0.11348751187324524,-0.0007873086142353714,0.0014151735231280327,0.1408306509256363,0.43652579188346863,0.033089738339185715,-0.10841800272464752,0.3367818593978882,-0.16955885291099548,0.19435825943946838,0.5225518345832825,0.38441866636276245,-0.1100538969039917,0.6970292925834656,-0.13051778078079224,0.2063203901052475,0.5446823239326477,0.41542381048202515,-0.1110076829791069,0.7434781789779663,-0.1302284598350525,0.22585169970989227,0.6443803906440735,0.3582924008369446,-0.13295145332813263,0.8200072050094604,-0.2661857008934021,7
-0.24607323110103607,-0.5383455753326416,-0.19916202127933502,-0.25173574686050415,-0.5810521841049194,-0.19808335602283478,-0.25133994221687317,-0.5813071727752686,-0.19733618199825287,-0.25185778737068176,-0.5817643404006958,-0.1972263753414154,-0.2744807302951813,-0.5659545660018921,-0.17806556820869446,-0.2740952968597412,-0.56703120470047,-0.1789037585258484,-0.2746458351612091,-0.5680771470069885,-0.17832015454769135,-0.1647672951221466,-0.6285514235496521,-0.1420903205871582,-0.2633228600025177,-0.5687909126281738,-0.06028465926647186,-0.19835108518600464,-0.5401272177696228,-0.1793869286775589,-0.22830723226070404,-0.5214145183563232,-0.1541687697172165,0.03683312609791756,-0.5346889495849609,-0.09069431573152542,-0.24982047080993652,-0.4040044844150543,-0.028072847053408623,0.15636089444160461,-0.48420336842536926,-0.2614533603191376,-0.2932073175907135,-0.2436787486076355,-0.1418408900499344,-0.05815895274281502,-0.4586937129497528,-0.37669479846954346,-0.3003080487251282,-0.38200604915618896,-0.3493121266365051,-0.11772467941045761,-0.42400649189949036,-0.4011685848236084,-0.28230467438697815,-0.4160148501396179,-0.3855653405189514,-0.15739606320858002,-0.4279683232307434,-0.3787839114665985,-0.2870655059814453,-0.44258958101272583,-0.365291029214859,-0.08727292716503143,-0.4486808180809021,-0.3667362332344055,-0.2923862338066101,-0.39720121026039124,-0.34590262174606323,0.10548441857099533,-0.016169503331184387,-0.004583689849823713,-0.10547757148742676,0.015790928155183792,0.005623230244964361,0.12922422587871552,0.39831483364105225,0.04712500423192978,-0.08698920160531998,0.37961113452911377,-0.09761111438274384,0.17600539326667786,0.5540502071380615,0.3913460969924927,-0.11794433742761612,0.7382603883743286,-0.05787018686532974,0.1914622038602829,0.5791714787483215,0.4196775257587433,-0.11975037306547165,0.7851099967956543,-0.05796041339635849,0.23129576444625854,0.650515079498291,0.3561363220214844,-0.12971605360507965,0.8607240915298462,-0.19166724383831024,3
0.05348712578415871,-0.5907838940620422,-0.23253026604652405,0.06531217694282532,-0.6297749280929565,-0.22137939929962158,0.06586994230747223,-0.630135178565979,-0.22063206136226654,0.06552799791097641,-0.6310507655143738,-0.22072534263134003,0.03235814720392227,-0.6323080658912659,-0.2163686454296112,0.033159542828798294,-0.6330307126045227,-0.21704092621803284,0.03301779925823212,-0.6343219876289368,-0.21658840775489807,0.1190020740032196,-0.6214187741279602,-0.11081623286008835,-0.025850694626569748,-0.6395594477653503,-0.11079631745815277,0.0750122219324112,-0.5688751339912415,-0.19159743189811707,0.03185497969388962,-0.5724838972091675,-0.19006511569023132,0.18792150914669037,-0.42697885632514954,-0.0480288565158844,-0.10886817425489426,-0.5111991763114929,-0.05526585131883621,0.14551350474357605,-0.24581463634967804,-0.20305956900119781,-0.17974482476711273,-0.3721252977848053,-0.1609615534543991,0.09758365154266357,-0.4107084572315216,-0.41481509804725647,-0.061227086931467056,-0.4469444751739502,-0.33847576379776,0.07004475593566895,-0.44251319766044617,-0.45030540227890015,-0.01222633570432663,-0.4471970498561859,-0.37119150161743164,0.07723747193813324,-0.47596487402915955,-0.44361773133277893,-0.0026395011227577925,-0.48075056076049805,-0.35918447375297546,0.0908011645078659,-0.42865321040153503,-0.41394901275634766,-0.04054165631532669,-0.45849448442459106,-0.3357059359550476,0.10372316092252731,0.006584083661437035,0.036797378212213516,-0.10325858741998672,-0.007401793729513884,-0.035472869873046875,0.09141374379396439,0.3990046977996826,0.1792413890361786,-0.09291402995586395,0.37455999851226807,-0.13390573859214783,0.17791402339935303,0.5954591035842896,0.46397697925567627,-0.11664216965436935,0.7385347485542297,-0.17941655218601227,0.19599522650241852,0.6328197121620178,0.4853270947933197,-0.12111705541610718,0.7852838039398193,-0.1895013153553009,0.25484877824783325,0.7188583612442017,0.44073426723480225,-0.10767658054828644,0.8707091808319092,-0.31896278262138367,5
0.05216778814792633,-0.5564680695533752,-0.24128760397434235,0.06771716475486755,-0.5929495692253113,-0.2314480096101761,0.06826858222484589,-0.5933508276939392,-0.23087738454341888,0.06791972368955612,-0.594039797782898,-0.2306707799434662,0.03617134690284729,-0.5972493290901184,-0.22636084258556366,0.03692914545536041,-0.5980085730552673,-0.22712835669517517,0.03676825389266014,-0.5992714762687683,-0.22635117173194885,0.12322232872247696,-0.5872945189476013,-0.12528951466083527,-0.014339623041450977,-0.6107646822929382,-0.11724615097045898,0.07367173582315445,-0.5353733897209167,-0.20150303840637207,0.03275129571557045,-0.5406569838523865,-0.19729085266590118,0.19301262497901917,-0.4116503596305847,-0.0448673777282238,-0.11333930492401123,-0.47957488894462585,-0.039412036538124084,0.18010833859443665,-0.15499228239059448,-0.1231602132320404,-0.21387000381946564,-0.334682434797287,-0.1112375259399414,0.10014232993125916,-0.16700592637062073,-0.312812477350235,-0.113091841340065,-0.4288933277130127,-0.28134360909461975,0.06267480552196503,-0.15916472673416138,-0.3487563729286194,-0.0673956498503685,-0.43701353669166565,-0.3140726387500763,0.056515540927648544,-0.19539505243301392,-0.35402458906173706,-0.06262796372175217,-0.47664111852645874,-0.3042598068714142,0.08581958711147308,-0.17914943397045135,-0.3145431876182556,-0.09536156803369522,-0.4443042278289795,-0.278837114572525,0.1109737753868103,0.0027766155544668436,0.02542765997350216,-0.11066722124814987,-0.003654425498098135,-0.024040376767516136,0.10611909627914429,0.41897857189178467,0.10858362913131714,-0.07564752548933029,0.36755961179733276,-0.14635467529296875,0.21729783713817596,0.5965239405632019,0.41957375407218933,-0.08119287341833115,0.732201337814331,-0.16812632977962494,0.23720437288284302,0.6325222253799438,0.44329893589019775,-0.0833745077252388,0.7799202799797058,-0.17551368474960327,0.2808944284915924,0.7188635468482971,0.3738909065723419,-0.08123347908258438,0.8575544953346252,-0.3130122125148773,7

-0.07031089812517166,-0.626084566116333,-0.19660605490207672,-0.07266425341367722,-0.6659389138221741,-0.18486636877059937,-0.07221017777919769,-0.6665269732475281,-0.18409034609794617,-0.07258870452642441,-0.6669827103614807,-0.1840580850839615,-0.10486477613449097,-0.6555087566375732,-0.1781199872493744,-0.10445703566074371,-0.6562578678131104,-0.17891225218772888,-0.10454553365707397,-0.6573960781097412,-0.17857789993286133,-0.010084602981805801,-0.6733114719390869,-0.08232597261667252,-0.14990545809268951,-0.6371203660964966,-0.06855801492929459,-0.03647248074412346,-0.6105951070785522,-0.15901866555213928,-0.07719296962022781,-0.5984247326850891,-0.15382695198059082,0.11103677749633789,-0.5281265377998352,-0.04205204173922539,-0.17864415049552917,-0.4689553380012512,-0.061203259974718094,0.08767958730459213,-0.43858909606933594,-0.2600463032722473,-0.21156810224056244,-0.3390064239501953,-0.23859532177448273,0.028269808739423752,-0.5284644365310669,-0.49363166093826294,-0.1656990647315979,-0.44048798084259033,-0.43519625067710876,0.008805936202406883,-0.5368067622184753,-0.5360260009765625,-0.13682422041893005,-0.4598369002342224,-0.47970879077911377,-0.001022655633278191,-0.5471452474594116,-0.5359007120132446,-0.13463155925273895,-0.49034735560417175,-0.46640104055404663,0.015040460973978043,-0.530460774898529,-0.49814146757125854,-0.1532147079706192,-0.45441633462905884,-0.4360591173171997,0.10322051495313644,-0.007717829197645187,0.022848084568977356,-0.10326274484395981,0.007152413949370384,-0.021792694926261902,0.12193819880485535,0.4043343961238861,0.16977575421333313,-0.0659126564860344,0.39635491371154785,-0.07483329623937607,0.1986791044473648,0.6474871635437012,0.43115243315696716,-0.07163530588150024,0.7681266069412231,-0.10515660792589188,0.2161117047071457,0.6851009130477905,0.44880035519599915,-0.07131915539503098,0.8137537240982056,-0.11437582224607468,0.26825153827667236,0.752838671207428,0.37986740469932556,-0.05588037893176079,0.903438150882721,-0.251460999250412,1
0.1937808394432068,-0.5826849341392517,-0.08412250876426697,0.2029937207698822,-0.6182525157928467,-0.0604683980345726,0.20337490737438202,-0.6183464527130127,-0.059859827160835266,0.2029309719800949,-0.6191834211349487,-0.05997015908360481,0.17678655683994293,-0.6236476898193359,-0.0778341144323349,0.17739060521125793,-0.6247059106826782,-0.07842083275318146,0.17721271514892578,-0.6258280277252197,-0.07814034074544907,0.18689262866973877,-0.6116672158241272,0.06866292655467987,0.06865818798542023,-0.6379923224449158,-0.02835957147181034,0.18378329277038574,-0.5606271624565125,-0.038433704525232315,0.14921675622463226,-0.5670435428619385,-0.0643012523651123,0.20085430145263672,-0.41486790776252747,0.16010741889476776,-0.05423750355839729,-0.5260981917381287,-0.0637645572423935,0.26573824882507324,-0.27814897894859314,0.04991137981414795,-0.11411041766405106,-0.4496319591999054,-0.1888214498758316,0.28196126222610474,-0.42354756593704224,-0.1321491301059723,0.11528721451759338,-0.4553297460079193,-0.2673884332180023,0.26859480142593384,-0.45508134365081787,-0.15939709544181824,0.18381179869174957,-0.43714624643325806,-0.2928107678890228,0.2693944573402405,-0.4832833707332611,-0.1443576067686081,0.2064751535654068,-0.4582860767841339,-0.2768127918243408,0.2767898440361023,-0.43848076462745667,-0.13069309294223785,0.1396353840827942,-0.45846274495124817,-0.2597871720790863,0.07104508578777313,0.011379985138773918,0.0927107110619545,-0.0713152214884758,-0.012130348943173885,-0.09151774644851685,0.05901849642395973,0.3930341303348541,0.10235292464494705,-0.020634213462471962,0.3930814564228058,-0.1382995843887329,-0.12171557545661926,0.6222060918807983,0.21015967428684235,-0.0673413947224617,0.7768840789794922,-0.15287913382053375,-0.13290977478027344,0.6602824330329895,0.2141525149345398,-0.07305455207824707,0.8269465565681458,-0.15937887132167816,-0.06848940998315811,0.7519927024841309,0.1800728440284729,0.02333243191242218,0.8791952729225159,-0.25593486428260803,2
-0.056138940155506134,-0.6336047053337097,-0.1711834967136383,-0.05374656245112419,-0.6729636788368225,-0.1548648625612259,-0.053343258798122406,-0.6737194657325745,-0.1539534330368042,-0.053663238883018494,-0.6740780472755432,-0.1538192629814148,-0.08678130805492401,-0.6663069128990173,-0.14913636445999146,-0.08626889437437057,-0.6670228242874146,-0.15004974603652954,-0.08643270283937454,-0.6681445837020874,-0.14926442503929138,0.008679196238517761,-0.6673887968063354,-0.04962105304002762,-0.13603928685188293,-0.6445274353027344,-0.04196780547499657,-0.026209291070699692,-0.6111311316490173,-0.13591691851615906,-0.06931502372026443,-0.6028016805648804,-0.13004887104034424,0.11975203454494476,-0.5021881461143494,-0.030273936688899994,-0.18409636616706848,-0.46439698338508606,-0.021777288988232613,0.13222156465053558,-0.33918651938438416,-0.2200608104467392,-0.24581944942474365,-0.34843823313713074,-0.21224817633628845,0.0774896889925003,-0.3300341069698334,-0.4296910762786865,-0.19439387321472168,-0.4795699715614319,-0.42013323307037354,0.05850234255194664,-0.31430795788764954,-0.46835148334503174,-0.16137684881687164,-0.5103927850723267,-0.45446139574050903,0.040512729436159134,-0.33452871441841125,-0.4657573401927948,-0.15719035267829895,-0.544131875038147,-0.43705078959465027,0.062200650572776794,-0.3309481143951416,-0.430848628282547,-0.17899349331855774,-0.49581053853034973,-0.4159356653690338,0.11170489341020584,0.004051773343235254,0.018523748964071274,-0.1115984097123146,-0.004553093574941158,-0.017430366948246956,0.1658371388912201,0.4054963290691376,0.037269141525030136,-0.07171357423067093,0.1687747687101364,-0.2942868173122406,0.08206591755151749,0.4187116324901581,0.40397340059280396,-0.09043452143669128,0.4998071491718292,-0.2553795278072357,0.08394404500722885,0.4303648769855499,0.4356643855571747,-0.095574751496315,0.5403783321380615,-0.2532987892627716,0.11449620872735977,0.5007191896438599,0.4102407395839691,-0.09120026230812073,0.6256580352783203,-0.37389716506004333,9
-0.10516684502363205,-0.5865846276283264,-0.195272758603096,-0.10979043692350388,-0.6281315684318542,-0.18870370090007782,-0.10937593877315521,-0.628592848777771,-0.188020259141922,-0.10984860360622406,-0.629030168056488,-0.1879401057958603,-0.138737291097641,-0.6158212423324585,-0.17772707343101501,-0.1382719725370407,-0.6168363690376282,-0.1783684492111206,-0.13870102167129517,-0.6179274320602417,-0.17786620557308197,-0.04322940856218338,-0.6543416976928711,-0.09931845217943192,-0.17151963710784912,-0.6091929078102112,-0.06491236388683319,-0.06755786389112473,-0.5799828171730042,-0.1613181084394455,-0.10571641474962234,-0.5649794936180115,-0.14932303130626678,0.08871430903673172,-0.5317761898040771,-0.051468510180711746,-0.18796126544475555,-0.4632515013217926,-0.01982334814965725,0.06815183162689209,-0.4320831894874573,-0.211826354265213,-0.2509754002094269,-0.32740604877471924,-0.12243220210075378,-0.02621319144964218,-0.5365197062492371,-0.39310652017593384,-0.22815099358558655,-0.4361712634563446,-0.29778188467025757,-0.051463302224874496,-0.5438199043273926,-0.42502859234809875,-0.2035403549671173,-0.45670026540756226,-0.33492475748062134,-0.0589122548699379,-0.5561801791191101,-0.4256000816822052,-0.20198778808116913,-0.48936691880226135,-0.3247349262237549,-0.037659160792827606,-0.539577305316925,-0.3952925205230713,-0.21568427979946136,-0.45254573225975037,-0.29838669300079346,0.10501402616500854,-0.010638799518346786,0.010025933384895325,-0.10510013997554779,0.010041214525699615,-0.00879089068621397,0.12006758898496628,0.40231239795684814,0.06589367985725403,-0.07229509949684143,0.3889230489730835,-0.0585799366235733,0.16927258670330048,0.5766407251358032,0.3584595322608948,-0.060824502259492874,0.7472211718559265,-0.0377521738409996,0.18292754888534546,0.6056787371635437,0.3806293308734894,-0.05987223982810974,0.793631374835968,-0.03985418751835823,0.22424064576625824,0.6880311965942383,0.3304350674152374,-0.07611438632011414,0.8845269083976746,-0.1608198881149292,1
0.1792854219675064,-0.5645861029624939,-0.12552061676979065,0.19150769710540771,-0.5988161563873291,-0.10623599588871002,0.19191515445709229,-0.5990274548530579,-0.10564959794282913,0.19152961671352386,-0.5998916029930115,-0.10564180463552475,0.16279540956020355,-0.607439398765564,-0.11787979304790497,0.16350913047790527,-0.6084594130516052,-0.1184883713722229,0.16340574622154236,-0.6096948981285095,-0.11811448633670807,0.2000284045934677,-0.5949243307113647,0.023957405239343643,0.0685148611664772,-0.6364729404449463,-0.044645413756370544,0.17822985351085663,-0.5447436571121216,-0.07758264988660812,0.14050087332725525,-0.5554868578910828,-0.09576752036809921,0.21268118917942047,-0.4215351939201355,0.13299991190433502,-0.044235821813344955,-0.5285383462905884,-0.05068777874112129,0.22133587300777435,-0.27354079484939575,0.03962915390729904,-0.14011286199092865,-0.42998144030570984,-0.16453959047794342,0.24632108211517334,-0.38562116026878357,-0.15941070020198822,0.08004815876483917,-0.43590906262397766,-0.26729676127433777,0.24195055663585663,-0.4076341390609741,-0.19147051870822906,0.15332821011543274,-0.42173558473587036,-0.2965218126773834,0.24719548225402832,-0.431266188621521,-0.18229062855243683,0.17450183629989624,-0.44543448090553284,-0.2854903042316437,0.2432817816734314,-0.39758363366127014,-0.16036605834960938,0.10449358820915222,-0.4408489167690277,-0.26183900237083435,0.07862231135368347,0.008036873303353786,0.08803702145814896,-0.07864569127559662,-0.008824359625577927,-0.0867718830704689,0.10908405482769012,0.3828621208667755,0.12586797773838043,-0.051149800419807434,0.3939100205898285,-0.14992137253284454,0.0442546010017395,0.613036572933197,0.24220526218414307,-0.11097589880228043,0.778408408164978,-0.21374526619911194,0.04914383217692375,0.6531098484992981,0.24680888652801514,-0.11775562912225723,0.8279745578765869,-0.22450028359889984,0.15579907596111298,0.7332131862640381,0.21247047185897827,-0.03287117928266525,0.8928261995315552,-0.32785338163375854,2
-0.08505076915025711,-0.6228761672973633,-0.1040775328874588,-0.08279511332511902,-0.6622021794319153,-0.09011723846197128,-0.08248773217201233,-0.6628211736679077,-0.08906789124011993,-0.0829000324010849,-0.6631600260734558,-0.08897806704044342,-0.1129642203450203,-0.6550437211990356,-0.0825389176607132,-0.11241374164819717,-0.655759871006012,-0.08333484828472137,-0.11265208572149277,-0.6568587422370911,-0.08246536552906036,-0.01544111967086792,-0.6566972136497498,0.005131260491907597,-0.14934037625789642,-0.6333908438682556,0.026364360004663467,-0.05237646773457527,-0.6012518405914307,-0.07039109617471695,-0.09209082275629044,-0.5922996997833252,-0.061843141913414,0.11035549640655518,-0.5009030103683472,0.02351800538599491,-0.19146202504634857,-0.46001097559928894,0.04144546389579773,0.11009591817855835,-0.3097486197948456,-0.1397244781255722,-0.24578730762004852,-0.33233341574668884,-0.12479988485574722,0.054752714931964874,-0.2863249182701111,-0.3406239449977875,-0.20389211177825928,-0.46702665090560913,-0.31844303011894226,0.03744444251060486,-0.26707756519317627,-0.3757607042789459,-0.16966824233531952,-0.49671199917793274,-0.3508027195930481,0.017001165077090263,-0.2883482575416565,-0.3795669674873352,-0.17121313512325287,-0.5340681076049805,-0.33435675501823425,0.040287084877491,-0.28800320625305176,-0.34368255734443665,-0.19036535918712616,-0.4849041998386383,-0.31478551030158997,0.10893981903791428,0.008476820774376392,0.022305741906166077,-0.10898298025131226,-0.00899477582424879,-0.021307410672307014,0.1844065934419632,0.38963431119918823,-0.00653299642726779,-0.04662660136818886,0.14617924392223358,-0.29809635877609253,0.08829677850008011,0.36257103085517883,0.35555794835090637,-0.10256195068359375,0.4884238839149475,-0.2965390384197235,0.08721588551998138,0.36959409713745117,0.3882640600204468,-0.1113068163394928,0.5295881032943726,-0.29536494612693787,0.10647435486316681,0.44707465171813965,0.3801993429660797,-0.10353224724531174,0.6063308715820312,-0.3955823481082916,9
-0.09155090898275375,-0.5835755467414856,-0.21682904660701752,-0.09668345004320145,-0.6264744400978088,-0.2118929922580719,-0.0962742418050766,-0.6269996166229248,-0.21113494038581848,-0.09673944115638733,-0.6274720430374146,-0.2110523283481598,-0.12693674862384796,-0.6133899092674255,-0.20155033469200134,-0.1264791339635849,-0.6142405867576599,-0.20225751399993896,-0.12674932181835175,-0.61533522605896,-0.20181137323379517,-0.03103305958211422,-0.6592350006103516,-0.1169639453291893,-0.16400544345378876,-0.6097652912139893,-0.08552238345146179,-0.05395770072937012,-0.5786918997764587,-0.17991727590560913,-0.09372600167989731,-0.5629152655601501,-0.16924922168254852,0.1029025986790657,-0.5345085859298706,-0.05611427500844002,-0.18064884841442108,-0.46708136796951294,-0.05064443126320839,0.08878549188375473,-0.43682682514190674,-0.23836348950862885,-0.23186680674552917,-0.3311893045902252,-0.19486765563488007,0.011354035697877407,-0.5221381187438965,-0.45761770009994507,-0.2045077234506607,-0.43252187967300415,-0.3995067775249481,-0.012237242422997952,-0.529141902923584,-0.49589818716049194,-0.17738927900791168,-0.4497196078300476,-0.441481351852417,-0.02144034393131733,-0.5395156145095825,-0.4954419434070587,-0.17636340856552124,-0.48248809576034546,-0.43007662892341614,-0.0020225022453814745,-0.5234097242355347,-0.4611126780509949,-0.19248564541339874,-0.4479696452617645,-0.4002816081047058,0.1053456962108612,-0.008033712394535542,0.02028842270374298,-0.1054423600435257,0.007386786863207817,-0.019139928743243217,0.1440325826406479,0.4003479778766632,0.16204798221588135,-0.09159190952777863,0.38230201601982117,-0.07007239758968353,0.21588723361492157,0.5992968082427979,0.45464763045310974,-0.10815753787755966,0.7347819805145264,-0.09627744555473328,0.23328013718128204,0.6310140490531921,0.47733867168426514,-0.10949884355068207,0.7795717120170593,-0.10329064726829529,0.2998335063457489,0.704954206943512,0.42704203724861145,-0.1103033721446991,0.8771116733551025,-0.23327013850212097,1
0.23066848516464233,-0.5561656951904297,-0.12693722546100616,0.24635152518749237,-0.5882859826087952,-0.1063508689403534,0.24676552414894104,-0.5885337591171265,-0.10574868321418762,0.24644824862480164,-0.5893396735191345,-0.10580133646726608,0.21833102405071259,-0.5985506772994995,-0.11790331453084946,0.2190467268228531,-0.5994916558265686,-0.11860305070877075,0.21902531385421753,-0.6006741523742676,-0.11828842014074326,0.253479540348053,-0.5842938423156738,0.02201419696211815,0.1261732429265976,-0.6340820789337158,-0.047949060797691345,0.22827962040901184,-0.536896288394928,-0.07974380254745483,0.1910032480955124,-0.550034761428833,-0.09735238552093506,0.26413440704345703,-0.41329193115234375,0.11906063556671143,0.002751430496573448,-0.5386684536933899,-0.07420437037944794,0.28076890110969543,-0.28160539269447327,0.002051133895292878,-0.0572407990694046,-0.4724607467651367,-0.20797155797481537,0.31565916538238525,-0.3883781433105469,-0.2066778838634491,0.17393256723880768,-0.42985519766807556,-0.2918899953365326,0.3193649351596832,-0.4102935492992401,-0.23905251920223236,0.24558383226394653,-0.40309616923332214,-0.31840842962265015,0.3226490914821625,-0.43205270171165466,-0.23034414649009705,0.2713576853275299,-0.4217408001422882,-0.3032894432544708,0.3130265772342682,-0.3989282548427582,-0.20865768194198608,0.19896076619625092,-0.4283810257911682,-0.2852492928504944,0.07622243463993073,0.013894157484173775,0.09044472128152847,-0.07631819695234299,-0.014673887751996517,-0.08932625502347946,0.13274739682674408,0.3705213963985443,0.07590602338314056,-0.03267734497785568,0.37111178040504456,-0.14781981706619263,-0.03985433280467987,0.585038959980011,0.20392219722270966,-0.13487015664577484,0.7329422831535339,-0.18030713498592377,-0.04767775163054466,0.6220967173576355,0.21066035330295563,-0.1445595920085907,0.7806928753852844,-0.18834629654884338,0.03863482549786568,0.717711329460144,0.18816637992858887,-0.04281199723482132,0.851841926574707,-0.29011526703834534,2
-0.1254706233739853,-0.600346565246582,-0.11087851226329803,-0.1238318383693695,-0.6412001252174377,-0.10403088480234146,-0.123515784740448,-0.6418527960777283,-0.10296809673309326,-0.12395526468753815,-0.6421990990638733,-0.10278460383415222,-0.15055909752845764,-0.633544385433197,-0.09121275693178177,-0.1500145047903061,-0.6344184279441833,-0.09186995774507523,-0.15031540393829346,-0.635494589805603,-0.09096230566501617,-0.04505210369825363,-0.6531262993812561,-0.027171533554792404,-0.16734309494495392,-0.6282826662063599,0.015274027362465858,-0.08725135028362274,-0.5854811668395996,-0.08324374258518219,-0.12290967255830765,-0.5761560201644897,-0.06816976517438889,0.08894617110490799,-0.5133070349693298,-0.005656253546476364,-0.19560325145721436,-0.46378880739212036,0.04516230896115303,0.11008918285369873,-0.35036739706993103,-0.17881914973258972,-0.2737230062484741,-0.33567994832992554,-0.10504674166440964,0.04844875633716583,-0.3166508376598358,-0.3699186146259308,-0.24148616194725037,-0.45174145698547363,-0.3222219944000244,0.0290104690939188,-0.2934359014034271,-0.40314796566963196,-0.2070380002260208,-0.47685226798057556,-0.35476577281951904,0.0066965012811124325,-0.31285110116004944,-0.40599480271339417,-0.20573124289512634,-0.511390745639801,-0.3409603238105774,0.032605499029159546,-0.3165142834186554,-0.37204456329345703,-0.22621884942054749,-0.46853920817375183,-0.3199370503425598,0.10889485478401184,-0.001255313167348504,0.011983768083155155,-0.10877601057291031,0.0007808672962710261,-0.010845891200006008,0.19494551420211792,0.386868417263031,0.041841816157102585,-0.09044968336820602,0.21542441844940186,-0.2736886739730835,0.14467556774616241,0.37779882550239563,0.41445648670196533,-0.0994785949587822,0.5463854670524597,-0.28262874484062195,0.14980225265026093,0.3878861665725708,0.446537584066391,-0.10405023396015167,0.5867345333099365,-0.2851058840751648,0.18679264187812805,0.46682605147361755,0.4233241677284241,-0.1017051711678505,0.6668190360069275,-0.408703476190567,9
-0.1024198979139328,-0.5897141098976135,-0.20184452831745148,-0.10316793620586395,-0.6318870186805725,-0.19412308931350708,-0.10270536690950394,-0.6322975158691406,-0.1933441460132599,-0.10313671082258224,-0.6327721476554871,-0.19350041449069977,-0.13086983561515808,-0.6225545406341553,-0.18412761390209198,-0.13030247390270233,-0.6235893368721008,-0.1846691519021988,-0.13070081174373627,-0.6246772408485413,-0.18409690260887146,-0.029296603053808212,-0.6517335176467896,-0.10683082789182663,-0.15476562082767487,-0.6166490316390991,-0.06822298467159271,-0.06439216434955597,-0.5789387822151184,-0.16705399751663208,-0.1002730131149292,-0.5675452351570129,-0.15570084750652313,0.09834801405668259,-0.5163278579711914,-0.07858281582593918,-0.1812153160572052,-0.46546027064323425,-0.019269011914730072,0.05529480800032616,-0.39237356185913086,-0.24740546941757202,-0.26167112588882446,-0.33022335171699524,-0.13706868886947632,-0.04355772212147713,-0.4863995909690857,-0.42583197355270386,-0.2245623618364334,-0.44914624094963074,-0.3320610225200653,-0.07309091836214066,-0.4976622760295868,-0.45631280541419983,-0.1971743255853653,-0.4698822498321533,-0.36807188391685486,-0.0754503458738327,-0.5129433274269104,-0.4573238492012024,-0.192240372300148,-0.5041323900222778,-0.3542221784591675,-0.05277949571609497,-0.49133768677711487,-0.4273390471935272,-0.20986491441726685,-0.4653806686401367,-0.3306788206100464,0.10334992408752441,-0.004692458547651768,0.005782181862741709,-0.10346467792987823,0.0039430768229067326,-0.004540249239653349,0.13224422931671143,0.3898068070411682,0.05110558494925499,-0.10824545472860336,0.37370768189430237,-0.03419581428170204,0.15665727853775024,0.44993504881858826,0.40096351504325867,-0.09702971577644348,0.7279283404350281,0.019212231040000916,0.16694584488868713,0.4669349789619446,0.4242093861103058,-0.0967697873711586,0.7737707495689392,0.020833900198340416,0.1901315599679947,0.5513655543327332,0.39492952823638916,-0.12228935211896896,0.8607724905014038,-0.0890997126698494,1
0.14425943791866302,-0.5986138582229614,-0.15265482664108276,0.1566387116909027,-0.6322304606437683,-0.13199745118618011,0.15699130296707153,-0.6324151158332825,-0.13129203021526337,0.15665239095687866,-0.6333284974098206,-0.13130708038806915,0.12458974123001099,-0.6388501524925232,-0.13867555558681488,0.12520012259483337,-0.6398470997810364,-0.13943833112716675,0.12515388429164886,-0.6409919857978821,-0.1390390843153,0.17724892497062683,-0.6175262928009033,-0.002085423329845071,0.03383457288146019,-0.6509042978286743,-0.05521051958203316,0.15009291470050812,-0.5733770728111267,-0.10651858896017075,0.10768057405948639,-0.5824156403541565,-0.11997732520103455,0.20548202097415924,-0.4272260069847107,0.10105010122060776,-0.0677652657032013,-0.5355318188667297,-0.06048743799328804,0.24000932276248932,-0.27910131216049194,-0.008234802633523941,-0.1614505648612976,-0.48250874876976013,-0.1493450105190277,0.226280078291893,-0.4242948591709137,-0.20247115194797516,0.04448531195521355,-0.4883953332901001,-0.2005838006734848,0.20937274396419525,-0.45866066217422485,-0.23706193268299103,0.11664169281721115,-0.4735843539237976,-0.22178113460540771,0.212616965174675,-0.4866143763065338,-0.22380420565605164,0.13432882726192474,-0.49223780632019043,-0.2091859132051468,0.21951119601726532,-0.4400283098220825,-0.20074105262756348,0.06767507642507553,-0.49081432819366455,-0.193755641579628,0.08218031376600266,-0.0009365445584990084,0.08649944514036179,-0.0822071060538292,0.00030136568238958716,-0.08551536500453949,0.147180438041687,0.35077303647994995,0.21022573113441467,-0.07147116214036942,0.40162888169288635,-0.13988634943962097,0.1898924708366394,0.62325519323349,0.3411314785480499,-0.15617649257183075,0.7800247073173523,-0.18032102286815643,0.20748913288116455,0.6681962609291077,0.3459424078464508,-0.1657368540763855,0.8285383582115173,-0.18940682709217072,0.3249574899673462,0.724988579750061,0.30210956931114197,-0.09867505729198456,0.9046300649642944,-0.30159446597099304,2
-0.02582574263215065,-0.6002495884895325,-0.17280814051628113,-0.024590691551566124,-0.641679584980011,-0.15861347317695618,-0.024190062656998634,-0.6422339677810669,-0.15755334496498108,-0.024720504879951477,-0.6425860524177551,-0.1575687825679779,-0.05655694380402565,-0.6327696442604065,-0.15829622745513916,-0.056054480373859406,-0.6334837079048157,-0.15915460884571075,-0.056426867842674255,-0.6346257328987122,-0.15825039148330688,0.026112431660294533,-0.6480453014373779,-0.046213824301958084,-0.11969004571437836,-0.6157153248786926,-0.0545245036482811,0.0008923754212446511,-0.5835916996002197,-0.13060607016086578,-0.04207969829440117,-0.5723390579223633,-0.13094156980514526,0.14046649634838104,-0.5075623989105225,0.01330382190644741,-0.16061018407344818,-0.4509940445423126,-0.04843057319521904,0.16785815358161926,-0.3678377568721771,-0.15637481212615967,-0.19143235683441162,-0.3050227463245392,-0.2349092662334442,0.11586113274097443,-0.4152969419956207,-0.35240668058395386,-0.132252499461174,-0.43649885058403015,-0.4167945384979248,0.09766309708356857,-0.4195380210876465,-0.3855506181716919,-0.0926065742969513,-0.4663581848144531,-0.4503450095653534,0.08212900906801224,-0.4317057728767395,-0.3738369643688202,-0.09415504336357117,-0.49847209453582764,-0.4254505932331085,0.09954870492219925,-0.4172256886959076,-0.34816715121269226,-0.1204805001616478,-0.4527733623981476,-0.4093599021434784,0.1050407737493515,0.013653159141540527,0.03404496610164642,-0.10518675297498703,-0.014159792102873325,-0.03306959196925163,0.15940941870212555,0.4114629328250885,-0.031269852072000504,-0.06524547934532166,0.12347257137298584,-0.304493248462677,-0.04479413479566574,0.35809221863746643,0.29435762763023376,-0.10480749607086182,0.45905569195747375,-0.28652000427246094,-0.05863041803240776,0.3597964346408844,0.32611334323883057,-0.10954819619655609,0.49970731139183044,-0.28342926502227783,-0.05216488987207413,0.4418514370918274,0.33886075019836426,-0.07789682596921921,0.5891771912574768,-0.37199562788009644,9
-0.052056338638067245,-0.6333103179931641,-0.19944997131824493,-0.05297774076461792,-0.6726706624031067,-0.1870051473379135,-0.052512358874082565,-0.6730990409851074,-0.18625515699386597,-0.05288203805685043,-0.6736922264099121,-0.18621858954429626,-0.08612550050020218,-0.6676061153411865,-0.18079032003879547,-0.08554959297180176,-0.6684521436691284,-0.18150462210178375,-0.085674948990345,-0.6695414781570435,-0.18107852339744568,0.0047201416455209255,-0.6770308017730713,-0.08109895884990692,-0.13990920782089233,-0.6530979871749878,-0.07047093659639359,-0.021590152755379677,-0.613969624042511,-0.1612224280834198,-0.06449867784976959,-0.6069889068603516,-0.15677061676979065,0.1186029389500618,-0.5194186568260193,-0.043462786823511124,-0.17735655605793,-0.4819493293762207,-0.046244096010923386,0.08311039954423904,-0.4145790934562683,-0.24608834087848663,-0.2177189439535141,-0.356950968503952,-0.21241262555122375,0.024423791095614433,-0.49453189969062805,-0.46686679124832153,-0.1517292708158493,-0.4640308618545532,-0.41226860880851746,0.005826498381793499,-0.498874694108963,-0.5043653249740601,-0.11533628404140472,-0.48867788910865784,-0.45175594091415405,-0.0001363354385830462,-0.5102606415748596,-0.5049468874931335,-0.11161814630031586,-0.5204890966415405,-0.43688926100730896,0.013666904531419277,-0.4948684573173523,-0.4696500599384308,-0.1364561766386032,-0.4785721004009247,-0.4105437099933624,0.10656043142080307,-0.00021796922374051064,0.024248557165265083,-0.1064787209033966,-0.0004946827539242804,-0.023080667480826378,0.12820477783679962,0.4115273058414459,0.17220571637153625,-0.09563775360584259,0.35256919264793396,-0.09962302446365356,0.1594034880399704,0.5629104375839233,0.49600309133529663,-0.10987208783626556,0.694283127784729,-0.13794143497943878,0.1704608052968979,0.591840922832489,0.5203224420547485,-0.11198549717664719,0.7383700013160706,-0.14738930761814117,0.2274015247821808,0.6782076358795166,0.4813062846660614,-0.09761375933885574,0.8284498453140259,-0.2771664559841156,1
0.18290433287620544,-0.5767248272895813,-0.1406959593296051,0.19439594447612762,-0.6103654503822327,-0.11900155991315842,0.19477786123752594,-0.6105615496635437,-0.11842122673988342,0.19441251456737518,-0.6114966869354248,-0.11837049573659897,0.1675664186477661,-0.6192603707313538,-0.13142380118370056,0.16820020973682404,-0.6202698945999146,-0.1322389841079712,0.1680629700422287,-0.6214183568954468,-0.13194669783115387,0.1896403431892395,-0.6032795906066895,0.015508241951465607,0.06841224431991577,-0.6442365646362305,-0.06454376131296158,0.17610977590084076,-0.554976224899292,-0.09266636520624161,0.14055219292640686,-0.5661248564720154,-0.11396917700767517,0.205404132604599,-0.41777944564819336,0.10127352178096771,-0.05959481745958328,-0.5400083661079407,-0.0660146027803421,0.24972416460514069,-0.2798766791820526,-0.0036584327463060617,-0.1524798423051834,-0.4837435483932495,-0.18432997167110443,0.2540420889854431,-0.4460586607456207,-0.18998582661151886,0.07248425483703613,-0.4621381461620331,-0.27481913566589355,0.24033309519290924,-0.4834712743759155,-0.22288765013217926,0.14448344707489014,-0.43813905119895935,-0.3013264238834381,0.2447657585144043,-0.5118906497955322,-0.2105429470539093,0.17309027910232544,-0.455412894487381,-0.2866334617137909,0.249310702085495,-0.462327241897583,-0.18812035024166107,0.10015792399644852,-0.46181467175483704,-0.2681773602962494,0.08060909062623978,0.0054849241860210896,0.07680246978998184,-0.08070683479309082,-0.006243024952709675,-0.07555492967367172,0.08612979203462601,0.3798374533653259,0.15889760851860046,-0.07879399508237839,0.3981257677078247,-0.13557128608226776,0.054585445672273636,0.6470242738723755,0.3202737867832184,-0.1510775089263916,0.770266056060791,-0.18728512525558472,0.06107746809720993,0.6888056397438049,0.32962363958358765,-0.16167879104614258,0.8170658349990845,-0.19704502820968628,0.15524260699748993,0.767520010471344,0.2899411916732788,-0.1094241738319397,0.8837660551071167,-0.31353065371513367,2
-0.07570280879735947,-0.61020827293396,-0.09805800765752792,-0.07098446041345596,-0.6489181518554688,-0.08240529894828796,-0.07061172276735306,-0.6494200825691223,-0.08141598105430603,-0.07110141962766647,-0.6496995091438293,-0.08140674233436584,-0.10169360041618347,-0.6424093842506409,-0.0764610767364502,-0.1011877954006195,-0.643044114112854,-0.07731734216213226,-0.10161180794239044,-0.6441575288772583,-0.07639432698488235,-0.005494499579071999,-0.6424127817153931,0.01567576825618744,-0.1456744521856308,-0.6212820410728455,0.03268235921859741,-0.043597131967544556,-0.5886315703392029,-0.0633646622300148,-0.08477742224931717,-0.5801271796226501,-0.05613814294338226,0.10903909802436829,-0.49367719888687134,0.030988071113824844,-0.18681634962558746,-0.45325878262519836,0.05479799211025238,0.1297256201505661,-0.32503077387809753,-0.13252641260623932,-0.2465532273054123,-0.3217419981956482,-0.11509940028190613,0.05897224694490433,-0.29897984862327576,-0.318974107503891,-0.19735220074653625,-0.46089401841163635,-0.31133341789245605,0.040597185492515564,-0.27892741560935974,-0.35350075364112854,-0.15919527411460876,-0.4908878207206726,-0.3467317819595337,0.01526595838367939,-0.30064108967781067,-0.356256902217865,-0.16023972630500793,-0.5300070643424988,-0.32721778750419617,0.04306340962648392,-0.300569087266922,-0.3208634853363037,-0.18306665122509003,-0.47899359464645386,-0.307098925113678,0.10375659167766571,0.014660128392279148,0.02155293896794319,-0.10384783148765564,-0.015105747617781162,-0.02051478624343872,0.1418178528547287,0.40980687737464905,-0.06000136584043503,-0.08007905632257462,0.13583610951900482,-0.28276383876800537,-0.1059403344988823,0.38236069679260254,0.2329983413219452,-0.1384584754705429,0.4749966263771057,-0.2843834161758423,-0.12295347452163696,0.3850986957550049,0.2604033648967743,-0.14523811638355255,0.516221821308136,-0.28416237235069275,-0.11608734726905823,0.4616764187812805,0.25265711545944214,-0.13588662445545197,0.6044937968254089,-0.38605958223342896,9
-0.08272229135036469,-0.6276214718818665,-0.22825764119625092,-0.0853661522269249,-0.6682643294334412,-0.21566909551620483,-0.0849267989397049,-0.6688606142997742,-0.21489296853542328,-0.08526264876127243,-0.6694253087043762,-0.21481306850910187,-0.11901562660932541,-0.6568759679794312,-0.2106483429670334,-0.11853356659412384,-0.6574809551239014,-0.2113485187292099,-0.11871703714132309,-0.6586453914642334,-0.21108195185661316,-0.028606530278921127,-0.6759160161018372,-0.10434358566999435,-0.17571775615215302,-0.6399873495101929,-0.09931738674640656,-0.051688820123672485,-0.6124964952468872,-0.1880771666765213,-0.09541972726583481,-0.6006826162338257,-0.18494819104671478,0.09448038041591644,-0.5267406105995178,-0.0572202131152153,-0.20637670159339905,-0.47059550881385803,-0.08378110826015472,0.08977748453617096,-0.4069312512874603,-0.2666743993759155,-0.23831288516521454,-0.3434109091758728,-0.2696395814418793,0.024109218269586563,-0.46156612038612366,-0.4969389736652374,-0.1754990816116333,-0.4514755308628082,-0.47405868768692017,-0.00031038527959026396,-0.45370468497276306,-0.5407562851905823,-0.1396303027868271,-0.4739864468574524,-0.5213495492935181,-0.018435852602124214,-0.460642009973526,-0.5396101474761963,-0.13441117107868195,-0.5059922933578491,-0.5057592988014221,0.007300215307623148,-0.461397647857666,-0.5006897449493408,-0.1605154424905777,-0.46598559617996216,-0.47423410415649414,0.10632047057151794,-0.009277612902224064,0.022612405940890312,-0.10614609718322754,0.008648578077554703,-0.021395107731223106,0.1447729617357254,0.392910361289978,0.19316871464252472,-0.09751268476247787,0.37500545382499695,-0.07304146885871887,0.21831664443016052,0.6071789264678955,0.4834706485271454,-0.12147828191518784,0.7229787707328796,-0.10055392235517502,0.2364806979894638,0.6427928805351257,0.5039158463478088,-0.12296134978532791,0.7675065994262695,-0.11019418388605118,0.2972075343132019,0.7285763025283813,0.44205573201179504,-0.11169333010911942,0.8703508973121643,-0.24923142790794373,1
0.24284003674983978,-0.53626549243927,-0.07788120955228806,0.259450227022171,-0.564190149307251,-0.05136212334036827,0.25980496406555176,-0.5644092559814453,-0.050809718668460846,0.25948989391326904,-0.565263569355011,-0.050707463175058365,0.23413370549678802,-0.5785236358642578,-0.06472363322973251,0.23482440412044525,-0.5794668793678284,-0.06536754965782166,0.23466679453849792,-0.580619215965271,-0.06475643068552017,0.25320419669151306,-0.5544166564941406,0.08943530172109604,0.13567009568214417,-0.6203956604003906,0.00140539207495749,0.2323427051305771,-0.5165174603462219,-0.027623942121863365,0.19846627116203308,-0.5345068573951721,-0.04800794646143913,0.24275442957878113,-0.38143160939216614,0.1619081050157547,-0.0059688943438231945,-0.5341473817825317,-0.014594970270991325,0.24779623746871948,-0.25466468930244446,0.03610875457525253,-0.05942483991384506,-0.4864219129085541,-0.12465417385101318,0.2990902066230774,-0.3852454423904419,-0.12417919933795929,0.17222027480602264,-0.44995537400245667,-0.15711061656475067,0.30295053124427795,-0.41102203726768494,-0.14924633502960205,0.2458704560995102,-0.419345885515213,-0.17355011403560638,0.3084647059440613,-0.42864495515823364,-0.1340288668870926,0.2677016258239746,-0.4310462474822998,-0.1616036742925644,0.29730528593063354,-0.3946777880191803,-0.12260212749242783,0.19517876207828522,-0.4460044205188751,-0.14692886173725128,0.07394609600305557,0.017102574929594994,0.08463860303163528,-0.07412119209766388,-0.017876259982585907,-0.08342689275741577,0.1056148111820221,0.38975071907043457,0.019734742119908333,-0.008648491464555264,0.3734021484851837,-0.14637763798236847,-0.17422278225421906,0.5602236390113831,0.10737579315900803,-0.0628848671913147,0.7467942237854004,-0.18758930265903473,-0.19529671967029572,0.5879663825035095,0.1126542016863823,-0.06622299551963806,0.7957421541213989,-0.19517286121845245,-0.15968744456768036,0.695941150188446,0.10152221471071243,0.039552778005599976,0.8515825271606445,-0.2881319522857666,2
-0.08958373963832855,-0.6346170902252197,-0.12401250749826431,-0.0906023308634758,-0.6728006601333618,-0.10697920620441437,-0.09033825248479843,-0.6735638380050659,-0.10593192279338837,-0.09062953293323517,-0.6738497018814087,-0.10581975430250168,-0.12088380753993988,-0.664452314376831,-0.10164020210504532,-0.12023958563804626,-0.6651707291603088,-0.10237611830234528,-0.12049645185470581,-0.6663153171539307,-0.10155142098665237,-0.02419107034802437,-0.6652501821517944,-0.008439566940069199,-0.1594686359167099,-0.6361598372459412,0.0043182699009776115,-0.05697685107588768,-0.6122595071792603,-0.08962783962488174,-0.0973445475101471,-0.6018695831298828,-0.0834939181804657,0.10257704555988312,-0.5043128728866577,0.002355964155867696,-0.19159939885139465,-0.4484517574310303,0.021642623469233513,0.10862234234809875,-0.30561110377311707,-0.17588920891284943,-0.19671912491321564,-0.3205885589122772,-0.162447988986969,0.05772394314408302,-0.2934602200984955,-0.3823476731777191,-0.2064497023820877,-0.4754806160926819,-0.3729461431503296,0.040267907083034515,-0.28027260303497314,-0.4195190966129303,-0.18669070303440094,-0.5122107863426208,-0.40774232149124146,0.021707352250814438,-0.300279825925827,-0.4215090870857239,-0.19724732637405396,-0.5429501533508301,-0.3940368592739105,0.043301474303007126,-0.29575034976005554,-0.38496842980384827,-0.20003807544708252,-0.49322667717933655,-0.37123897671699524,0.11365766823291779,0.004663950763642788,0.012774328701198101,-0.11351802945137024,-0.005171142518520355,-0.011620410718023777,0.1753864884376526,0.38974544405937195,0.012995172291994095,-0.12198085337877274,0.15627022087574005,-0.32525962591171265,0.07136980444192886,0.36986860632896423,0.35226529836654663,-0.11213196069002151,0.5180060267448425,-0.3180837035179138,0.06962116062641144,0.37748321890830994,0.38261866569519043,-0.11241871118545532,0.561238706111908,-0.3183855712413788,0.09082729369401932,0.4460715055465698,0.35909706354141235,-0.10870558023452759,0.6329365968704224,-0.43828830122947693,9
-0.10324840247631073,-0.5891426205635071,-0.1928892582654953,-0.10978377610445023,-0.6317050457000732,-0.1870095580816269,-0.1093737855553627,-0.6321771144866943,-0.18623296916484833,-0.10986272990703583,-0.6326441764831543,-0.18630972504615784,-0.1376919001340866,-0.6180282235145569,-0.17464444041252136,-0.13710477948188782,-0.6189709305763245,-0.17517104744911194,-0.1375662237405777,-0.6201581954956055,-0.1745973825454712,-0.03982881084084511,-0.6599808931350708,-0.10264807194471359,-0.16417036950588226,-0.6102449893951416,-0.05889463052153587,-0.06242268532514572,-0.5836287140846252,-0.16132597625255585,-0.09933982044458389,-0.5676409006118774,-0.14732855558395386,0.09648240357637405,-0.5296984910964966,-0.06031685695052147,-0.16988277435302734,-0.46060487627983093,-0.01121590007096529,0.04015771299600601,-0.4447733163833618,-0.2042296975851059,-0.22129759192466736,-0.31995725631713867,-0.08435428887605667,-0.04767952486872673,-0.5572876930236816,-0.3250620365142822,-0.20621609687805176,-0.44447389245033264,-0.23919036984443665,-0.07187555730342865,-0.5669355392456055,-0.3490294814109802,-0.18051868677139282,-0.46369099617004395,-0.2667953372001648,-0.07645553350448608,-0.5793457627296448,-0.3501102328300476,-0.1830468773841858,-0.49762624502182007,-0.2549917995929718,-0.057256024330854416,-0.5607315897941589,-0.3260294497013092,-0.19538696110248566,-0.46187540888786316,-0.23745958507061005,0.10490196198225021,-0.005105513613671064,0.008926563896238804,-0.1049787700176239,0.004417572636157274,-0.007577408105134964,0.11862974613904953,0.4067854583263397,0.09695284068584442,-0.08040985465049744,0.3670004606246948,-0.09731952100992203,0.16728733479976654,0.5558188557624817,0.39075642824172974,-0.074962317943573,0.724038302898407,-0.12465842813253403,0.18224842846393585,0.584145188331604,0.4129302203655243,-0.07379122823476791,0.7698308825492859,-0.13131748139858246,0.22950679063796997,0.6677929759025574,0.3646050989627838,-0.08203046023845673,0.8586951494216919,-0.2581614851951599,1
0.11951091140508652,-0.600709080696106,-0.1645529568195343,0.13228924572467804,-0.6331547498703003,-0.1445753127336502,0.13264089822769165,-0.6332133412361145,-0.14390188455581665,0.13220061361789703,-0.6340149641036987,-0.14383196830749512,0.10160242021083832,-0.6389462947845459,-0.15193277597427368,0.1022094190120697,-0.6401073932647705,-0.15280619263648987,0.10194246470928192,-0.6412562727928162,-0.1520589292049408,0.15101049840450287,-0.6148191690444946,-0.014848312363028526,0.013976541347801685,-0.6424109935760498,-0.06813201308250427,0.12522847950458527,-0.5745736360549927,-0.11803561449050903,0.08473438024520874,-0.581920862197876,-0.13205808401107788,0.18714135885238647,-0.4346432685852051,0.08250953257083893,-0.08822010457515717,-0.5214334726333618,-0.02683180570602417,0.24998739361763,-0.31223738193511963,0.0012060547014698386,-0.24861988425254822,-0.53363436460495,-0.01188089419156313,0.2316076159477234,-0.482410728931427,-0.15630078315734863,-0.09119433909654617,-0.5668963193893433,0.025670194998383522,0.20983214676380157,-0.5155179500579834,-0.1892450600862503,-0.028975052759051323,-0.5524833798408508,0.02301386371254921,0.20174932479858398,-0.5407914519309998,-0.1772579848766327,-0.011106534861028194,-0.5668514966964722,0.03507990762591362,0.2208557277917862,-0.4953676164150238,-0.15377652645111084,-0.06945662200450897,-0.5660374164581299,0.032980937510728836,0.07808907330036163,0.004627772606909275,0.0677233636379242,-0.07826889306306839,-0.005329845007508993,-0.06657622754573822,0.0555315762758255,0.38197362422943115,0.12025763094425201,-0.049743589013814926,0.39305317401885986,-0.12883760035037994,0.04463142529129982,0.6123179793357849,0.25409743189811707,-0.1170557364821434,0.7762143611907959,-0.13782653212547302,0.05340583622455597,0.6538127064704895,0.26094603538513184,-0.12666168808937073,0.8257730007171631,-0.14441996812820435,0.15456654131412506,0.7284794449806213,0.21449731290340424,-0.07616106420755386,0.8855695128440857,-0.25113552808761597,2
-0.09375251084566116,-0.6185815334320068,-0.12676551938056946,-0.08872422575950623,-0.6580619812011719,-0.12036801874637604,-0.08846629410982132,-0.658647358417511,-0.11933191865682602,-0.0888732522726059,-0.6589430570602417,-0.11935477703809738,-0.11517415940761566,-0.650850772857666,-0.10618338733911514,-0.11462725698947906,-0.6515728831291199,-0.10686316341161728,-0.11496610194444656,-0.6526802778244019,-0.1062692403793335,-0.010252873413264751,-0.6540554165840149,-0.052632443606853485,-0.12666429579257965,-0.6326830983161926,0.0023180630523711443,-0.055787261575460434,-0.5981160998344421,-0.10301034897565842,-0.09136456251144409,-0.5894073843955994,-0.0850541964173317,0.12139669060707092,-0.4940526485443115,-0.029255986213684082,-0.16407783329486847,-0.45898133516311646,0.024141887202858925,0.11568665504455566,-0.2834967374801636,-0.18587926030158997,-0.23173265159130096,-0.3193594515323639,-0.13926692306995392,0.040585294365882874,-0.2776530086994171,-0.3650273084640503,-0.2032593935728073,-0.4681851863861084,-0.3545621931552887,0.01831948757171631,-0.2623412311077118,-0.39711299538612366,-0.17131471633911133,-0.5003588795661926,-0.38886702060699463,0.00449746148660779,-0.288104385137558,-0.3963160812854767,-0.1757764220237732,-0.5400943756103516,-0.37307581305503845,0.02771012857556343,-0.28120267391204834,-0.3659704029560089,-0.19171161949634552,-0.4879852831363678,-0.3521590530872345,0.10339871793985367,0.009668341837823391,0.016498496755957603,-0.10355328768491745,-0.010178417898714542,-0.015405683778226376,0.14689955115318298,0.3982482850551605,-0.023189235478639603,-0.06752127408981323,0.17314571142196655,-0.28389692306518555,-0.03698611259460449,0.3609233498573303,0.32300570607185364,-0.09997950494289398,0.503959596157074,-0.29204699397087097,-0.047138411551713943,0.3636266887187958,0.3548799753189087,-0.1051495373249054,0.5445181727409363,-0.29184994101524353,-0.04780256375670433,0.44417592883110046,0.34862664341926575,-0.08867964148521423,0.6265031099319458,-0.39248818159103394,9
